Borrower_ID,Crop_Type,Farm_Area_Acres,Irrigation_Type,Soil_Type,Season,Fertilizer_Used_Tons,Current_LTV_Ratio,Months_Since_Delinquency,Stress_Probability,Requires_Intervention
FARM-1000,Tomato,318.44,Drip,Sandy,Kharif,34.15,0.51,27,0.4861241388052424,0
FARM-1001,Maize,835.76,Drip,Silty,Rabi,146.44,0.62,8,0.9553309783389416,1
FARM-1002,Carrot,1315.77,Manual,Clay,Kharif,106.94,0.68,27,0.45487109360764993,0
FARM-1003,Soybean,1111.73,Drip,Sandy,Zaid,28.02,0.83,-1,0.31857240287105804,0
FARM-1004,Barley,1219.51,Drip,Sandy,Zaid,150.33,0.6,9,0.5946969424541946,0
FARM-1005,Barley,1005.24,Rain-fed,Silty,Zaid,53.21,0.74,-1,0.4094200129898229,0
FARM-1006,Cotton,1053.8,Flood,Silty,Zaid,188.37,0.6,-1,0.626518318012364,0
FARM-1007,Potato,1281.33,Rain-fed,Clay,Zaid,207.2,0.52,-1,0.46402303646134063,0
FARM-1008,Rice,412.02,Drip,Sandy,Kharif,22.47,0.7,-1,0.32848775674912967,0
FARM-1009,Carrot,759.67,Flood,Clay,Zaid,42.41,0.56,36,0.3836515237647569,0
FARM-1010,Cotton,370.75,Drip,Sandy,Zaid,34.54,0.68,28,0.6216566104956268,0
FARM-1011,Maize,1482.12,Drip,Loamy,Zaid,321.9,0.75,-1,0.44610111063862634,0
FARM-1012,Wheat,1418.89,Manual,Loamy,Kharif,146.9,0.52,-1,0.3883487085573831,0
FARM-1013,Barley,107.17,Drip,Loamy,Zaid,10.95,0.68,-1,0.5243192976028734,0
FARM-1014,Barley,1073.08,Flood,Sandy,Kharif,67.26,0.87,-1,0.514237211774256,0
FARM-1015,Barley,1391.61,Flood,Loamy,Zaid,89.14,0.47,-1,0.3934406878746652,0
FARM-1016,Tomato,311.83,Flood,Silty,Rabi,20.26,0.65,32,0.62117858580455,0
FARM-1017,Soybean,873.52,Manual,Loamy,Rabi,21.54,0.92,42,0.44955372941126487,0
FARM-1018,Sugarcane,1377.46,Drip,Clay,Zaid,233.56,0.75,-1,0.6930754661160393,1
FARM-1019,Tomato,99.22,Sprinkler,Silty,Zaid,16.17,0.88,22,0.8420962558701267,1
FARM-1020,Rice,1061.26,Manual,Loamy,Zaid,99.07,0.83,-1,0.33961413625525955,0
FARM-1021,Cotton,481.16,Sprinkler,Loamy,Zaid,63.01,0.84,-1,0.5815150247593459,0
FARM-1022,Tomato,1390.37,Manual,Sandy,Kharif,242.44,0.76,-1,0.7769617483453714,1
FARM-1023,Tomato,1458.03,Drip,Loamy,Rabi,213.32,0.78,-1,0.5690565383207999,0
FARM-1024,Sugarcane,1419.19,Flood,Clay,Kharif,324.75,0.62,7,0.8645148049508996,1
FARM-1025,Wheat,737.61,Drip,Loamy,Rabi,75.8,0.66,-1,0.43819575697779356,0
FARM-1026,Barley,1299.96,Sprinkler,Peaty,Zaid,88.79,0.87,-1,0.655443514427282,1
FARM-1027,Soybean,1274.6,Manual,Sandy,Zaid,21.14,0.88,-1,0.3181006803770832,0
FARM-1028,Soybean,512.7,Drip,Sandy,Kharif,18.86,0.66,41,0.4737603098113709,0
FARM-1029,Cotton,1251.93,Sprinkler,Sandy,Zaid,108.9,0.77,-1,0.5603248969221748,0
FARM-1030,Rice,103.66,Drip,Clay,Kharif,6.66,0.61,9,0.5690157077291815,0
FARM-1031,Barley,914.59,Sprinkler,Loamy,Zaid,84.99,0.77,8,0.7315564015997514,1
FARM-1032,Cotton,383.51,Flood,Silty,Zaid,57.15,0.53,-1,0.4873619514097927,0
FARM-1033,Maize,224.82,Manual,Clay,Rabi,44.54,0.57,-1,0.5382256374577166,0
FARM-1034,Maize,161.58,Sprinkler,Clay,Zaid,19.38,0.72,31,0.8342772517815056,1
FARM-1035,Wheat,1059.62,Flood,Clay,Rabi,93.22,0.65,-1,0.3857915905077223,0
FARM-1036,Tomato,542.82,Drip,Loamy,Rabi,72.77,0.78,39,0.6260074847959828,0
FARM-1037,Cotton,1100.91,Drip,Peaty,Rabi,226.54,0.67,-1,0.601743259138803,0
FARM-1038,Rice,144.77,Drip,Clay,Kharif,14.22,0.26,-1,0.27697230486833735,0
FARM-1039,Sugarcane,507.17,Drip,Sandy,Kharif,115.44,0.85,30,0.814642348187039,1
FARM-1040,Cotton,832.26,Rain-fed,Clay,Rabi,147.07,0.71,24,0.616643596723645,0
FARM-1041,Sugarcane,1196.55,Sprinkler,Peaty,Zaid,209.01,0.65,46,0.6933265337684662,1
FARM-1042,Cotton,512.19,Flood,Clay,Kharif,49.62,0.87,-1,0.6932228200116695,1
FARM-1043,Potato,957.54,Drip,Loamy,Kharif,134.06,0.83,38,0.7303504692625234,1
FARM-1044,Barley,1334.67,Rain-fed,Silty,Zaid,134.94,0.87,20,0.4537199194596153,0
FARM-1045,Rice,943.0,Sprinkler,Sandy,Zaid,83.17,0.76,23,0.6149046138674068,0
FARM-1046,Tomato,387.79,Drip,Loamy,Zaid,46.06,0.6,-1,0.5701269769561614,0
FARM-1047,Soybean,85.38,Sprinkler,Loamy,Kharif,2.63,0.86,-1,0.36285413692095125,0
FARM-1048,Soybean,1311.64,Flood,Loamy,Rabi,32.83,0.74,37,0.3643757523125199,0
FARM-1049,Barley,80.84,Drip,Clay,Zaid,7.42,0.67,-1,0.3778622394777545,0
FARM-1050,Maize,1318.32,Flood,Clay,Rabi,165.53,0.89,-1,0.6127994343667627,0
FARM-1051,Carrot,816.96,Flood,Loamy,Kharif,63.98,0.53,-1,0.39857600540078025,0
FARM-1052,Potato,1411.65,Drip,Clay,Rabi,116.17,0.59,-1,0.7041902916514171,1
FARM-1053,Potato,1208.24,Manual,Loamy,Kharif,84.81,0.66,-1,0.4483979977841864,0
FARM-1054,Soybean,1497.0,Rain-fed,Sandy,Kharif,42.05,0.84,-1,0.3493451553795009,0
FARM-1055,Potato,558.53,Sprinkler,Peaty,Zaid,77.63,0.53,29,0.5335396536877896,0
FARM-1056,Cotton,1162.42,Flood,Sandy,Rabi,152.6,0.52,-1,0.327802498763032,0
FARM-1057,Barley,632.8,Flood,Clay,Zaid,44.24,0.74,-1,0.40644516655081264,0
FARM-1058,Cotton,745.82,Sprinkler,Clay,Rabi,110.49,0.67,-1,0.5423034319736734,0
FARM-1059,Tomato,959.88,Flood,Peaty,Rabi,97.56,0.53,-1,0.36260716769990836,0
FARM-1060,Tomato,1316.83,Drip,Loamy,Zaid,226.42,0.75,-1,0.6597441376549669,1
FARM-1061,Barley,1476.92,Flood,Clay,Zaid,189.1,0.51,1,1.0,1
FARM-1062,Wheat,1164.0,Rain-fed,Sandy,Kharif,116.68,0.75,-1,0.5901005324202115,0
FARM-1063,Tomato,655.76,Flood,Sandy,Zaid,65.15,0.56,33,0.6814384624826577,1
FARM-1064,Tomato,660.97,Drip,Sandy,Rabi,98.12,0.75,-1,0.5781724744846827,0
FARM-1065,Soybean,1119.49,Rain-fed,Clay,Zaid,18.03,0.81,-1,0.3702549443044023,0
FARM-1066,Barley,396.23,Drip,Clay,Zaid,34.76,0.72,-1,0.4926281812972498,0
FARM-1067,Wheat,210.19,Drip,Peaty,Rabi,17.58,0.88,-1,0.5079436466060107,0
FARM-1068,Cotton,564.2,Drip,Clay,Kharif,112.21,0.25,12,0.3610085647678053,0
FARM-1069,Maize,466.5,Flood,Sandy,Rabi,42.99,0.85,28,0.6848333873892186,1
FARM-1070,Carrot,479.65,Rain-fed,Sandy,Zaid,30.3,0.7,-1,0.39888208845221174,0
FARM-1071,Barley,388.73,Flood,Sandy,Kharif,43.41,0.78,-1,0.3979313115029486,0
FARM-1072,Cotton,111.04,Drip,Loamy,Kharif,15.31,0.84,-1,0.5746877114230686,0
FARM-1073,Wheat,75.92,Rain-fed,Clay,Kharif,4.44,0.65,-1,0.5079179159411494,0
FARM-1074,Carrot,1482.2,Rain-fed,Sandy,Kharif,130.95,0.88,40,0.545039002613103,0
FARM-1075,Carrot,670.27,Rain-fed,Silty,Kharif,40.94,0.54,-1,0.44184747721189643,0
FARM-1076,Carrot,607.27,Drip,Peaty,Zaid,40.6,0.7,5,0.8294167538001602,1
FARM-1077,Cotton,1035.49,Flood,Clay,Zaid,106.79,0.46,-1,0.49929707497228676,0
FARM-1078,Tomato,366.47,Manual,Clay,Kharif,43.25,0.75,-1,0.4687710714193721,0
FARM-1079,Cotton,1427.44,Rain-fed,Peaty,Zaid,185.68,0.36,-1,0.29088939012586035,0
FARM-1080,Potato,1190.2,Drip,Silty,Kharif,82.11,0.79,-1,0.5147077854989469,0
FARM-1081,Rice,179.65,Drip,Silty,Zaid,8.71,0.91,16,0.5924579823229484,0
FARM-1082,Tomato,655.49,Flood,Clay,Kharif,105.2,0.79,-1,0.5393232369125515,0
FARM-1083,Cotton,1324.72,Manual,Sandy,Kharif,137.21,0.69,4,0.9293961637114607,1
FARM-1084,Tomato,1419.86,Flood,Sandy,Zaid,118.41,0.45,-1,0.504248873723514,0
FARM-1085,Tomato,727.73,Flood,Sandy,Zaid,87.76,0.88,40,0.5774490927145027,0
FARM-1086,Carrot,939.45,Drip,Loamy,Zaid,71.52,0.9,-1,0.443623097862685,0
FARM-1087,Rice,292.2,Sprinkler,Clay,Kharif,13.14,0.63,29,0.48998078970262343,0
FARM-1088,Potato,1487.19,Rain-fed,Sandy,Rabi,192.17,0.45,18,0.6586334841338526,1
FARM-1089,Sugarcane,385.92,Flood,Clay,Zaid,38.23,0.71,42,0.8356832371838586,1
FARM-1090,Cotton,1416.96,Rain-fed,Loamy,Kharif,106.42,0.77,-1,0.7707441941113796,1
FARM-1091,Carrot,991.99,Manual,Peaty,Zaid,32.9,0.75,5,0.6918204379648591,1
FARM-1092,Carrot,931.22,Drip,Loamy,Kharif,74.54,0.85,-1,0.42268595237950035,0
FARM-1093,Soybean,793.4,Flood,Silty,Rabi,14.71,0.48,-1,0.19566135495476972,0
FARM-1094,Carrot,384.47,Drip,Clay,Zaid,12.58,0.61,-1,0.40103091277256087,0
FARM-1095,Sugarcane,305.97,Rain-fed,Sandy,Kharif,45.92,0.9,-1,0.7109282603213595,1
FARM-1096,Soybean,369.71,Sprinkler,Peaty,Zaid,14.91,0.55,45,0.2738737282068787,0
FARM-1097,Sugarcane,320.34,Sprinkler,Clay,Zaid,39.08,0.57,-1,0.4818063591236625,0
FARM-1098,Cotton,1180.4,Rain-fed,Clay,Zaid,152.32,0.48,-1,0.37225662612482524,0
FARM-1099,Cotton,557.68,Flood,Loamy,Zaid,42.15,0.8,-1,0.33458376542901447,0
FARM-1100,Cotton,133.87,Manual,Clay,Kharif,17.79,0.62,-1,0.3981835466467264,0
FARM-1101,Rice,1455.2,Flood,Silty,Zaid,125.45,0.3,-1,0.36667746651846134,0
FARM-1102,Tomato,1331.49,Drip,Silty,Kharif,171.11,0.87,-1,0.7344704483741247,1
FARM-1103,Soybean,1395.24,Sprinkler,Loamy,Zaid,34.84,0.61,-1,0.43878575872624903,0
FARM-1104,Potato,1492.62,Rain-fed,Clay,Zaid,146.07,0.71,-1,0.614923394218297,0
FARM-1105,Barley,302.15,Flood,Loamy,Kharif,16.5,0.71,38,0.424344266886969,0
FARM-1106,Sugarcane,624.55,Rain-fed,Silty,Rabi,86.62,0.57,10,0.64805957342098,0
FARM-1107,Carrot,1149.45,Manual,Clay,Zaid,41.35,0.87,43,0.34144314025725536,0
FARM-1108,Barley,1059.23,Drip,Sandy,Rabi,120.75,0.86,-1,0.465680284211628,0
FARM-1109,Cotton,273.15,Manual,Sandy,Kharif,56.07,0.63,-1,0.5407106219305972,0
FARM-1110,Tomato,1232.96,Drip,Sandy,Kharif,217.51,0.69,-1,0.4152215728082316,0
FARM-1111,Barley,375.44,Drip,Clay,Kharif,46.13,0.68,-1,0.49510880736371027,0
FARM-1112,Potato,374.54,Drip,Sandy,Zaid,49.47,0.7,-1,0.5851857769515602,0
FARM-1113,Wheat,828.61,Manual,Clay,Zaid,99.5,0.67,-1,0.4205509555251628,0
FARM-1114,Rice,909.76,Sprinkler,Clay,Kharif,57.15,0.64,-1,0.2819982272076448,0
FARM-1115,Potato,891.13,Drip,Silty,Zaid,120.92,0.74,-1,0.6740926563801298,1
FARM-1116,Wheat,182.66,Flood,Silty,Rabi,17.46,0.82,30,0.6089335773007969,0
FARM-1117,Barley,1322.32,Sprinkler,Clay,Zaid,116.87,0.72,-1,0.6621206008265922,1
FARM-1118,Potato,435.12,Drip,Clay,Zaid,65.67,0.89,-1,0.605237914939207,0
FARM-1119,Soybean,237.8,Manual,Clay,Kharif,5.58,0.61,-1,0.3202212917246224,0
FARM-1120,Wheat,1338.68,Rain-fed,Clay,Zaid,109.51,0.83,-1,0.4355503180010398,0
FARM-1121,Potato,1435.69,Flood,Clay,Kharif,245.44,0.69,-1,0.473645666660922,0
FARM-1122,Tomato,1300.09,Manual,Clay,Kharif,86.78,0.68,-1,0.35611972305820827,0
FARM-1123,Cotton,1223.8,Flood,Loamy,Rabi,168.87,0.8,-1,0.46563756367152226,0
FARM-1124,Barley,1000.1,Manual,Silty,Rabi,127.16,0.81,24,0.6741165047326539,1
FARM-1125,Sugarcane,848.74,Sprinkler,Sandy,Kharif,150.79,0.86,9,0.8757416616883018,1
FARM-1126,Wheat,176.13,Sprinkler,Sandy,Kharif,18.43,0.78,-1,0.46973419713828785,0
FARM-1127,Potato,642.26,Drip,Clay,Rabi,57.78,0.81,-1,0.4899574019312874,0
FARM-1128,Cotton,590.4,Manual,Peaty,Zaid,69.7,0.8,-1,0.5614476295556389,0
FARM-1129,Soybean,426.64,Flood,Silty,Zaid,17.31,0.9,12,0.7179217287761019,1
FARM-1130,Sugarcane,1098.96,Drip,Silty,Zaid,186.25,0.79,-1,0.650422175687267,1
FARM-1131,Barley,769.02,Drip,Silty,Zaid,70.23,0.75,-1,0.3619985119905714,0
FARM-1132,Cotton,167.52,Flood,Peaty,Kharif,14.06,0.61,-1,0.6270384693888993,0
FARM-1133,Tomato,369.27,Flood,Sandy,Kharif,22.87,0.64,-1,0.6685038589798016,1
FARM-1134,Maize,1040.73,Sprinkler,Clay,Kharif,274.19,0.53,13,0.7928990382335939,1
FARM-1135,Tomato,160.39,Manual,Sandy,Zaid,16.88,0.7,-1,0.6091290211788828,0
FARM-1136,Soybean,1284.25,Drip,Silty,Kharif,42.5,0.39,-1,0.33807829173689324,0
FARM-1137,Carrot,767.96,Sprinkler,Silty,Zaid,26.71,0.84,-1,0.2903395081515608,0
FARM-1138,Tomato,746.85,Drip,Sandy,Kharif,106.03,0.62,-1,0.6744270367885672,1
FARM-1139,Maize,908.99,Rain-fed,Clay,Kharif,234.39,0.64,28,0.8086400277573754,1
FARM-1140,Maize,1245.79,Rain-fed,Loamy,Zaid,241.21,0.36,27,0.6385997558055785,0
FARM-1141,Barley,554.32,Flood,Peaty,Zaid,31.24,0.81,-1,0.49145394608478304,0
FARM-1142,Sugarcane,1033.12,Sprinkler,Sandy,Zaid,178.81,0.77,-1,0.49427575840811555,0
FARM-1143,Tomato,870.31,Flood,Sandy,Rabi,132.25,0.71,-1,0.49085988963037364,0
FARM-1144,Tomato,437.19,Flood,Clay,Rabi,47.55,0.69,-1,0.5608397016529615,0
FARM-1145,Cotton,1324.01,Rain-fed,Loamy,Kharif,255.77,0.8,-1,0.4895641620960386,0
FARM-1146,Rice,1206.27,Flood,Silty,Zaid,110.85,0.24,-1,0.2490252732619265,0
FARM-1147,Soybean,1004.76,Flood,Sandy,Zaid,42.18,0.66,-1,0.20564586291890763,0
FARM-1148,Cotton,1283.34,Flood,Silty,Kharif,201.86,0.83,-1,0.5735375823935819,0
FARM-1149,Barley,1307.58,Rain-fed,Loamy,Kharif,74.29,0.43,-1,0.21673726337426144,0
FARM-1150,Potato,1077.13,Flood,Sandy,Zaid,104.66,0.46,8,0.5448890578869466,0
FARM-1151,Barley,1263.67,Drip,Clay,Zaid,79.82,0.77,-1,0.5220089411463905,0
FARM-1152,Barley,1061.33,Sprinkler,Sandy,Kharif,134.57,0.53,2,1.0,1
FARM-1153,Sugarcane,1036.2,Rain-fed,Loamy,Zaid,208.96,0.76,-1,0.5754209403591521,0
FARM-1154,Maize,946.99,Drip,Loamy,Zaid,200.53,0.5,-1,0.49665563652291206,0
FARM-1155,Barley,1141.44,Drip,Sandy,Zaid,82.28,0.7,1,1.0,1
FARM-1156,Rice,279.98,Drip,Peaty,Kharif,15.32,0.6,-1,0.46073670857057875,0
FARM-1157,Carrot,1327.26,Flood,Clay,Rabi,100.06,0.73,15,0.6334743539167708,0
FARM-1158,Barley,1314.17,Flood,Silty,Rabi,115.22,0.52,-1,0.31045844636934394,0
FARM-1159,Carrot,92.41,Rain-fed,Loamy,Kharif,4.02,0.78,-1,0.4824750688571331,0
FARM-1160,Tomato,1247.43,Sprinkler,Loamy,Kharif,167.15,0.49,-1,0.41322789969219137,0
FARM-1161,Rice,236.86,Sprinkler,Clay,Zaid,10.24,0.68,-1,0.35365502590996056,0
FARM-1162,Rice,535.92,Flood,Loamy,Kharif,35.42,0.57,-1,0.580909140121857,0
FARM-1163,Soybean,1128.09,Rain-fed,Sandy,Zaid,32.78,0.86,-1,0.46127913622096256,0
FARM-1164,Cotton,283.1,Flood,Clay,Kharif,25.68,0.75,-1,0.6322338630472186,0
FARM-1165,Wheat,1236.05,Manual,Loamy,Zaid,183.51,0.62,-1,0.35082663792282776,0
FARM-1166,Tomato,1256.59,Sprinkler,Peaty,Zaid,106.93,0.91,-1,0.4769790756613054,0
FARM-1167,Barley,785.83,Drip,Clay,Zaid,44.58,0.56,-1,0.39824485297618406,0
FARM-1168,Cotton,59.26,Sprinkler,Silty,Zaid,5.84,0.71,-1,0.5066485979479571,0
FARM-1169,Soybean,466.21,Flood,Loamy,Zaid,17.75,0.55,-1,0.34126409425877074,0
FARM-1170,Rice,944.54,Sprinkler,Sandy,Zaid,69.93,0.52,8,0.7025927547555382,1
FARM-1171,Cotton,1472.72,Drip,Clay,Rabi,219.67,0.43,15,0.6085503268119343,0
FARM-1172,Soybean,966.13,Drip,Clay,Zaid,15.1,0.92,-1,0.5107713173582753,0
FARM-1173,Barley,426.72,Rain-fed,Clay,Kharif,20.52,0.7,41,0.5364732969534564,0
FARM-1174,Rice,969.31,Drip,Clay,Rabi,73.34,0.55,-1,0.29283103844311914,0
FARM-1175,Barley,832.98,Rain-fed,Clay,Rabi,98.71,0.69,34,0.5047439568999964,0
FARM-1176,Rice,1180.78,Drip,Sandy,Kharif,130.85,0.68,2,1.0,1
FARM-1177,Tomato,205.12,Sprinkler,Silty,Rabi,14.44,0.87,4,1.0,1
FARM-1178,Potato,1153.49,Sprinkler,Silty,Zaid,143.73,0.42,-1,0.4304950844439154,0
FARM-1179,Cotton,834.84,Flood,Sandy,Zaid,165.17,0.6,-1,0.46285493953457485,0
FARM-1180,Tomato,1446.34,Flood,Clay,Zaid,154.12,0.63,-1,0.5886171305947655,0
FARM-1181,Cotton,545.71,Drip,Loamy,Kharif,101.58,0.81,3,1.0,1
FARM-1182,Potato,967.3,Drip,Loamy,Kharif,73.56,0.36,-1,0.5385673725586662,0
FARM-1183,Potato,1401.44,Flood,Clay,Zaid,241.39,0.76,14,0.7127277468952217,1
FARM-1184,Barley,198.64,Sprinkler,Sandy,Zaid,22.37,0.9,-1,0.4362671286230281,0
FARM-1185,Rice,1408.98,Manual,Sandy,Kharif,162.46,0.41,19,0.5616979363548488,0
FARM-1186,Wheat,1047.43,Rain-fed,Loamy,Zaid,123.24,0.88,-1,0.4943210036536748,0
FARM-1187,Soybean,148.36,Rain-fed,Loamy,Kharif,3.84,0.92,-1,0.45754241270007623,0
FARM-1188,Soybean,486.4,Rain-fed,Silty,Kharif,20.99,0.65,-1,0.33857166893689644,0
FARM-1189,Barley,1076.85,Sprinkler,Silty,Kharif,75.17,0.88,-1,0.5365629329987864,0
FARM-1190,Cotton,147.66,Drip,Loamy,Kharif,17.2,0.83,-1,0.5950180027822801,0
FARM-1191,Potato,894.15,Manual,Silty,Rabi,128.84,0.76,10,0.5969674049929365,0
FARM-1192,Potato,551.53,Sprinkler,Peaty,Kharif,83.74,0.81,-1,0.46378960753695697,0
FARM-1193,Rice,950.33,Sprinkler,Loamy,Kharif,108.67,0.42,-1,0.4402132322230477,0
FARM-1194,Tomato,116.33,Drip,Loamy,Kharif,9.84,0.55,22,0.6072278978643826,0
FARM-1195,Tomato,1313.73,Flood,Sandy,Zaid,204.63,0.8,-1,0.7509297050626464,1
FARM-1196,Carrot,1461.56,Flood,Peaty,Zaid,108.61,0.47,38,0.265767979335014,0
FARM-1197,Potato,1454.87,Rain-fed,Silty,Zaid,98.43,0.56,45,0.5131083025082345,0
FARM-1198,Potato,1137.0,Flood,Clay,Zaid,121.05,0.59,-1,0.5923193518961377,0
FARM-1199,Carrot,238.63,Flood,Loamy,Kharif,11.21,0.81,-1,0.3874176489646322,0
FARM-1200,Rice,1149.48,Manual,Sandy,Rabi,73.98,0.84,-1,0.44746329558890807,0
FARM-1201,Cotton,85.65,Drip,Sandy,Zaid,17.78,0.78,12,0.747281398151511,1
FARM-1202,Barley,82.08,Flood,Clay,Zaid,8.44,0.29,-1,0.2514652205003449,0
FARM-1203,Potato,519.23,Drip,Silty,Rabi,75.87,0.69,-1,0.5691797398480622,0
FARM-1204,Rice,758.53,Sprinkler,Sandy,Zaid,89.6,0.68,10,0.4721608012002254,0
FARM-1205,Cotton,1167.09,Manual,Silty,Kharif,143.33,0.92,-1,0.8122725907397966,1
FARM-1206,Cotton,1040.78,Drip,Silty,Kharif,189.69,0.74,21,0.5891245764353648,0
FARM-1207,Rice,696.56,Rain-fed,Silty,Kharif,52.08,0.76,1,1.0,1
FARM-1208,Cotton,446.76,Drip,Loamy,Zaid,85.66,0.68,-1,0.5509760602182776,0
FARM-1209,Barley,1495.83,Manual,Sandy,Zaid,91.63,0.85,30,0.5596792584333614,0
FARM-1210,Soybean,667.96,Rain-fed,Clay,Zaid,29.01,0.77,1,1.0,1
FARM-1211,Rice,704.51,Rain-fed,Sandy,Kharif,40.51,0.68,-1,0.46325765753355647,0
FARM-1212,Rice,287.25,Drip,Clay,Kharif,18.99,0.78,-1,0.5364841289554226,0
FARM-1213,Barley,1202.47,Manual,Sandy,Zaid,135.95,0.72,-1,0.6366651353667897,0
FARM-1214,Carrot,1055.84,Sprinkler,Clay,Kharif,56.62,0.9,-1,0.41098591624511055,0
FARM-1215,Barley,370.12,Flood,Clay,Rabi,36.92,0.79,40,0.6319656911822897,0
FARM-1216,Tomato,169.45,Rain-fed,Clay,Zaid,19.21,0.64,-1,0.5668936451068717,0
FARM-1217,Carrot,1036.72,Drip,Clay,Kharif,77.28,0.79,-1,0.1719214364424596,0
FARM-1218,Rice,999.04,Rain-fed,Sandy,Kharif,58.21,0.59,-1,0.3126805597464127,0
FARM-1219,Wheat,446.23,Drip,Silty,Zaid,24.92,0.65,-1,0.3313019435719239,0
FARM-1220,Rice,1428.75,Sprinkler,Sandy,Zaid,91.43,0.83,36,0.6016541507206572,0
FARM-1221,Soybean,269.03,Flood,Clay,Kharif,7.86,0.77,24,0.49778259159319893,0
FARM-1222,Cotton,676.89,Drip,Clay,Rabi,63.3,0.67,-1,0.5837927699984883,0
FARM-1223,Tomato,1418.24,Drip,Clay,Rabi,145.48,0.5,-1,0.4094407732485584,0
FARM-1224,Barley,658.6,Drip,Clay,Kharif,53.35,0.74,-1,0.45552434409198456,0
FARM-1225,Barley,975.86,Flood,Silty,Kharif,48.95,0.65,-1,0.43714192483889275,0
FARM-1226,Maize,626.51,Flood,Clay,Zaid,122.17,0.62,-1,0.5678886728737071,0
FARM-1227,Tomato,447.61,Sprinkler,Loamy,Kharif,74.36,0.88,-1,0.6697182272104824,1
FARM-1228,Potato,1476.77,Drip,Clay,Kharif,115.5,0.45,42,0.36884759088712543,0
FARM-1229,Rice,643.53,Drip,Clay,Zaid,56.52,0.59,-1,0.3178186136641177,0
FARM-1230,Wheat,1346.44,Rain-fed,Sandy,Kharif,156.83,0.87,30,0.6375512780643655,0
FARM-1231,Soybean,383.43,Drip,Sandy,Kharif,10.58,0.58,-1,0.2552070781855041,0
FARM-1232,Soybean,359.0,Manual,Clay,Zaid,12.94,0.52,-1,0.15712184205894894,0
FARM-1233,Sugarcane,95.14,Rain-fed,Clay,Rabi,13.86,0.6,25,0.7055002244445777,1
FARM-1234,Barley,994.92,Sprinkler,Loamy,Zaid,89.96,0.84,-1,0.4587712627405698,0
FARM-1235,Carrot,584.36,Sprinkler,Clay,Zaid,17.79,0.73,27,0.4132421886374949,0
FARM-1236,Tomato,1303.32,Manual,Clay,Zaid,186.38,0.6,-1,0.46256202925960993,0
FARM-1237,Cotton,736.15,Drip,Peaty,Kharif,119.69,0.71,-1,0.47467505024816015,0
FARM-1238,Rice,1453.88,Drip,Sandy,Kharif,62.62,0.85,25,0.5888895594246434,0
FARM-1239,Barley,319.01,Drip,Sandy,Zaid,24.93,0.6,-1,0.3840301164026671,0
FARM-1240,Maize,1309.5,Rain-fed,Loamy,Kharif,348.62,0.56,30,0.6101613444640337,0
FARM-1241,Maize,1176.07,Drip,Loamy,Zaid,194.91,0.77,38,0.6789051052853391,1
FARM-1242,Potato,1167.84,Sprinkler,Sandy,Kharif,140.41,0.64,-1,0.5955615164025244,0
FARM-1243,Tomato,1274.94,Manual,Sandy,Zaid,215.71,0.54,-1,0.4929217411277678,0
FARM-1244,Cotton,1153.48,Rain-fed,Sandy,Zaid,196.57,0.63,-1,0.36108034738166467,0
FARM-1245,Potato,958.02,Flood,Clay,Rabi,124.4,0.52,-1,0.536298620546179,0
FARM-1246,Sugarcane,240.31,Drip,Sandy,Zaid,49.9,0.76,15,0.8256557044799836,1
FARM-1247,Maize,97.16,Rain-fed,Loamy,Zaid,23.86,0.73,-1,0.6977514901845037,1
FARM-1248,Maize,1385.23,Sprinkler,Silty,Kharif,238.59,0.89,-1,0.8047910886251752,1
FARM-1249,Wheat,944.14,Drip,Sandy,Rabi,92.06,0.82,2,1.0,1
FARM-1250,Tomato,1204.98,Drip,Sandy,Zaid,128.12,0.56,-1,0.5260083681611957,0
FARM-1251,Tomato,748.21,Manual,Clay,Zaid,131.69,0.49,18,0.5158685954880496,0
FARM-1252,Wheat,220.1,Sprinkler,Sandy,Zaid,26.35,0.51,-1,0.4887580318209178,0
FARM-1253,Tomato,231.52,Rain-fed,Clay,Kharif,16.2,0.63,40,0.5723479408699094,0
FARM-1254,Barley,1044.07,Rain-fed,Loamy,Zaid,128.07,0.82,-1,0.37030383455641064,0
FARM-1255,Soybean,673.94,Sprinkler,Clay,Kharif,19.83,0.91,-1,0.5276384967930545,0
FARM-1256,Potato,340.76,Flood,Sandy,Rabi,23.26,0.69,-1,0.5031095351229615,0
FARM-1257,Rice,762.81,Flood,Clay,Zaid,64.06,0.52,-1,0.34118772909821526,0
FARM-1258,Soybean,143.1,Flood,Loamy,Zaid,3.94,0.78,43,0.3822787084811309,0
FARM-1259,Cotton,893.86,Flood,Silty,Zaid,172.41,0.82,-1,0.5710636381071756,0
FARM-1260,Rice,440.04,Rain-fed,Clay,Zaid,24.78,0.88,9,0.7749635315073825,1
FARM-1261,Maize,1206.46,Sprinkler,Sandy,Rabi,288.06,0.66,-1,0.5252420004834699,0
FARM-1262,Barley,500.02,Manual,Loamy,Zaid,47.6,0.3,-1,0.1431387325517553,0
FARM-1263,Soybean,710.07,Flood,Clay,Zaid,11.81,0.27,-1,0.06155344609003785,0
FARM-1264,Potato,66.85,Sprinkler,Silty,Kharif,11.81,0.53,-1,0.49017178508400355,0
FARM-1265,Carrot,155.05,Sprinkler,Clay,Zaid,9.42,0.66,-1,0.3678061853436738,0
FARM-1266,Rice,619.12,Sprinkler,Loamy,Kharif,39.17,0.86,-1,0.6153193124576978,0
FARM-1267,Carrot,745.91,Sprinkler,Sandy,Zaid,43.39,0.59,33,0.42009696201961555,0
FARM-1268,Tomato,920.03,Drip,Sandy,Rabi,149.91,0.85,-1,0.6642513108236197,1
FARM-1269,Tomato,472.91,Flood,Sandy,Rabi,45.68,0.77,-1,0.47871853919499086,0
FARM-1270,Wheat,1057.72,Drip,Clay,Kharif,73.27,0.6,-1,0.39648577905977805,0
FARM-1271,Wheat,1297.18,Flood,Clay,Rabi,81.6,0.79,-1,0.5169524157933608,0
FARM-1272,Potato,1180.78,Flood,Silty,Zaid,113.05,0.73,37,0.5804601965321283,0
FARM-1273,Potato,107.45,Sprinkler,Sandy,Kharif,16.5,0.84,-1,0.5519634968367295,0
FARM-1274,Soybean,746.74,Manual,Silty,Kharif,21.77,0.71,-1,0.2567885447491802,0
FARM-1275,Soybean,202.15,Sprinkler,Silty,Kharif,4.41,0.77,-1,0.20944379541340513,0
FARM-1276,Wheat,400.97,Rain-fed,Silty,Zaid,26.71,0.41,-1,0.4271016571988494,0
FARM-1277,Rice,1480.66,Flood,Loamy,Zaid,98.64,0.83,-1,0.5439260354357712,0
FARM-1278,Carrot,256.62,Sprinkler,Loamy,Zaid,22.17,0.72,-1,0.3466130776926282,0
FARM-1279,Wheat,773.39,Drip,Silty,Zaid,65.2,0.79,-1,0.5538883787802836,0
FARM-1280,Potato,946.33,Drip,Loamy,Zaid,168.99,0.56,-1,0.44735539905300625,0
FARM-1281,Tomato,1068.57,Flood,Clay,Kharif,126.33,0.84,19,0.8066171751792331,1
FARM-1282,Tomato,861.49,Flood,Silty,Zaid,70.21,0.43,-1,0.28077404066746314,0
FARM-1283,Cotton,64.17,Drip,Silty,Zaid,12.5,0.63,25,0.6116350581514169,0
FARM-1284,Soybean,523.37,Drip,Loamy,Kharif,15.08,0.85,-1,0.3793453265551056,0
FARM-1285,Cotton,800.68,Drip,Clay,Kharif,135.6,0.82,22,0.7284594219725742,1
FARM-1286,Sugarcane,177.41,Manual,Loamy,Rabi,42.12,0.52,-1,0.68171378108818,1
FARM-1287,Soybean,558.41,Flood,Silty,Kharif,9.22,0.63,-1,0.29962828298615135,0
FARM-1288,Tomato,98.14,Flood,Silty,Zaid,7.03,0.75,-1,0.6143132179858202,0
FARM-1289,Soybean,163.94,Drip,Clay,Rabi,6.0,0.89,-1,0.40121837349242295,0
FARM-1290,Cotton,625.54,Sprinkler,Clay,Kharif,68.47,0.84,-1,0.7230912943374588,1
FARM-1291,Cotton,242.44,Drip,Silty,Zaid,23.23,0.78,-1,0.6672848331200272,1
FARM-1292,Wheat,872.93,Drip,Loamy,Kharif,47.08,0.69,-1,0.4426685005491996,0
FARM-1293,Tomato,1049.72,Flood,Sandy,Rabi,65.74,0.46,-1,0.38346989391966574,0
FARM-1294,Cotton,1210.85,Drip,Peaty,Zaid,216.05,0.42,-1,0.4966960639429678,0
FARM-1295,Soybean,340.22,Drip,Clay,Zaid,6.48,0.57,15,0.37245939603953926,0
FARM-1296,Carrot,292.85,Drip,Sandy,Zaid,17.0,0.62,-1,0.3870632595631211,0
FARM-1297,Barley,201.62,Drip,Clay,Zaid,20.07,0.59,-1,0.38042034220701226,0
FARM-1298,Rice,972.82,Drip,Loamy,Zaid,72.25,0.5,-1,0.3968102648156813,0
FARM-1299,Cotton,1074.39,Flood,Silty,Kharif,79.28,0.36,-1,0.407898242433758,0
FARM-1300,Cotton,95.8,Rain-fed,Loamy,Zaid,17.21,0.52,-1,0.4187418822609534,0
FARM-1301,Soybean,1407.51,Sprinkler,Peaty,Rabi,21.56,0.94,23,0.6465306907403612,0
FARM-1302,Soybean,125.36,Flood,Sandy,Kharif,4.75,0.78,-1,0.39595562372433823,0
FARM-1303,Rice,834.88,Drip,Loamy,Kharif,93.06,0.39,-1,0.31064146246811397,0
FARM-1304,Carrot,1078.14,Manual,Clay,Rabi,60.34,0.87,-1,0.5099988745220805,0
FARM-1305,Maize,1312.91,Flood,Loamy,Zaid,244.72,0.52,-1,0.40088126671033675,0
FARM-1306,Soybean,1085.43,Drip,Loamy,Kharif,31.81,0.45,30,0.5264378373153158,0
FARM-1307,Tomato,1212.51,Sprinkler,Clay,Kharif,129.38,0.26,25,0.43877646869625814,0
FARM-1308,Wheat,542.2,Drip,Loamy,Rabi,75.23,0.86,-1,0.34768270901186754,0
FARM-1309,Barley,1231.5,Flood,Loamy,Rabi,154.5,0.82,-1,0.6277094526258956,0
FARM-1310,Sugarcane,166.17,Flood,Silty,Zaid,22.22,0.7,-1,0.5248611497317126,0
FARM-1311,Cotton,1347.48,Rain-fed,Sandy,Rabi,210.35,0.85,-1,0.7243713353276131,1
FARM-1312,Cotton,844.01,Flood,Sandy,Zaid,168.61,0.52,-1,0.5001567487712649,0
FARM-1313,Maize,1235.08,Sprinkler,Clay,Rabi,325.04,0.64,3,1.0,1
FARM-1314,Wheat,705.86,Manual,Clay,Rabi,71.22,0.74,-1,0.5221261708605184,0
FARM-1315,Rice,983.19,Drip,Sandy,Zaid,74.94,0.75,-1,0.4787709448127926,0
FARM-1316,Sugarcane,813.28,Drip,Loamy,Kharif,101.33,0.61,-1,0.6791771469386874,1
FARM-1317,Barley,1110.8,Flood,Clay,Zaid,145.85,0.87,8,0.8468830537055083,1
FARM-1318,Barley,168.36,Flood,Silty,Zaid,9.74,0.57,-1,0.2840588352944909,0
FARM-1319,Barley,137.51,Flood,Silty,Kharif,13.36,0.89,22,0.740574753348808,1
FARM-1320,Soybean,408.3,Manual,Sandy,Kharif,9.59,0.84,-1,0.35459355671996773,0
FARM-1321,Carrot,281.34,Sprinkler,Clay,Rabi,13.15,0.81,-1,0.6160265308854935,0
FARM-1322,Rice,1314.09,Sprinkler,Silty,Kharif,95.14,0.35,28,0.3472806319546195,0
FARM-1323,Barley,367.86,Flood,Sandy,Kharif,49.62,0.55,26,0.46775975310956336,0
FARM-1324,Maize,1465.0,Rain-fed,Silty,Rabi,146.34,0.53,-1,0.48980796674262483,0
FARM-1325,Carrot,538.5,Manual,Silty,Rabi,34.85,0.61,-1,0.31414019643258256,0
FARM-1326,Soybean,314.07,Rain-fed,Silty,Zaid,5.49,0.73,12,0.4603213162821731,0
FARM-1327,Rice,1195.06,Drip,Sandy,Rabi,62.58,0.5,-1,0.47764488253662724,0
FARM-1328,Sugarcane,1005.13,Sprinkler,Clay,Zaid,151.1,0.48,-1,0.37884917004455476,0
FARM-1329,Barley,772.38,Drip,Sandy,Rabi,70.24,0.61,33,0.5750461988678819,0
FARM-1330,Tomato,855.28,Drip,Sandy,Zaid,77.88,0.55,-1,0.5428660121517732,0
FARM-1331,Carrot,1092.84,Drip,Silty,Zaid,53.54,0.72,-1,0.5457547522946574,0
FARM-1332,Cotton,381.26,Sprinkler,Clay,Zaid,31.33,0.23,-1,0.3763761528439935,0
FARM-1333,Cotton,1494.68,Sprinkler,Clay,Kharif,168.08,0.77,-1,0.4853306241925718,0
FARM-1334,Cotton,1463.45,Drip,Silty,Zaid,300.47,0.76,-1,0.5668241952640038,0
FARM-1335,Cotton,992.97,Flood,Silty,Zaid,200.84,0.64,-1,0.5954698529980813,0
FARM-1336,Wheat,339.34,Flood,Silty,Kharif,28.33,0.77,-1,0.5164729938500138,0
FARM-1337,Carrot,1036.33,Flood,Silty,Rabi,66.59,0.8,-1,0.47667277521858137,0
FARM-1338,Sugarcane,154.69,Drip,Sandy,Zaid,34.89,0.77,-1,0.7645286135891367,1
FARM-1339,Cotton,94.45,Flood,Sandy,Zaid,6.69,0.84,-1,0.6742003354428616,1
FARM-1340,Sugarcane,423.64,Rain-fed,Silty,Zaid,88.84,0.69,36,0.6807090177179504,1
FARM-1341,Sugarcane,720.8,Drip,Sandy,Zaid,167.04,0.66,-1,0.3995638337779314,0
FARM-1342,Barley,1309.0,Drip,Sandy,Rabi,69.66,0.53,47,0.3636149415345283,0
FARM-1343,Sugarcane,1104.4,Flood,Clay,Rabi,116.88,0.21,-1,0.36353248818058126,0
FARM-1344,Tomato,1126.92,Manual,Loamy,Kharif,197.54,0.86,12,0.5709040666699392,0
FARM-1345,Rice,666.97,Sprinkler,Sandy,Zaid,55.36,0.58,-1,0.2810731413532833,0
FARM-1346,Rice,551.61,Sprinkler,Clay,Rabi,22.69,0.83,-1,0.46515474388032363,0
FARM-1347,Cotton,588.01,Flood,Clay,Kharif,62.37,0.63,28,0.6041868182195455,0
FARM-1348,Tomato,1482.09,Sprinkler,Loamy,Rabi,168.95,0.84,25,0.7188887188720583,1
FARM-1349,Rice,108.16,Drip,Clay,Kharif,10.32,0.59,-1,0.3754707405948607,0
FARM-1350,Soybean,1307.2,Sprinkler,Clay,Rabi,48.36,0.77,1,1.0,1
FARM-1351,Wheat,889.08,Manual,Loamy,Kharif,132.95,0.67,-1,0.4262210550920935,0
FARM-1352,Rice,685.99,Sprinkler,Silty,Zaid,43.22,0.62,24,0.5082013229553475,0
FARM-1353,Barley,1101.62,Rain-fed,Sandy,Rabi,102.94,0.58,-1,0.4570972810751708,0
FARM-1354,Cotton,755.67,Sprinkler,Clay,Kharif,109.32,0.51,-1,0.6312630250663058,0
FARM-1355,Rice,1316.46,Drip,Clay,Kharif,95.38,0.68,-1,0.3805357191898787,0
FARM-1356,Cotton,1356.02,Manual,Sandy,Zaid,127.04,0.77,-1,0.602418199150893,0
FARM-1357,Soybean,661.5,Drip,Loamy,Kharif,29.32,0.91,30,0.5883321085605291,0
FARM-1358,Maize,451.4,Flood,Silty,Kharif,109.96,0.56,-1,0.44004063921697834,0
FARM-1359,Soybean,908.91,Drip,Sandy,Zaid,27.22,0.47,-1,0.4477826125027131,0
FARM-1360,Tomato,1372.93,Drip,Silty,Zaid,181.76,0.37,-1,0.5059030752591948,0
FARM-1361,Rice,355.46,Flood,Clay,Kharif,20.68,0.48,-1,0.180851151463506,0
FARM-1362,Sugarcane,953.3,Drip,Sandy,Kharif,159.21,0.67,-1,0.6251381841603441,0
FARM-1363,Soybean,965.76,Flood,Clay,Kharif,34.62,0.65,-1,0.26355465661358846,0
FARM-1364,Maize,1113.01,Sprinkler,Peaty,Zaid,203.38,0.73,39,0.6722651968081889,1
FARM-1365,Tomato,240.77,Drip,Sandy,Kharif,43.06,0.5,-1,0.47505014968221043,0
FARM-1366,Maize,1087.95,Drip,Loamy,Zaid,217.64,0.74,-1,0.7610399535874439,1
FARM-1367,Potato,1368.1,Flood,Clay,Zaid,142.99,0.73,7,0.7854127057826715,1
FARM-1368,Barley,310.54,Flood,Clay,Zaid,35.55,0.54,-1,0.3507551794216393,0
FARM-1369,Cotton,394.44,Sprinkler,Sandy,Zaid,37.02,0.56,38,0.6027551377750724,0
FARM-1370,Cotton,1458.52,Sprinkler,Clay,Zaid,180.61,0.28,6,0.7920527750543929,1
FARM-1371,Cotton,312.42,Rain-fed,Sandy,Zaid,37.04,0.83,-1,0.5112868628195919,0
FARM-1372,Cotton,1288.86,Sprinkler,Clay,Zaid,168.14,0.61,-1,0.6963672901691955,1
FARM-1373,Rice,763.8,Flood,Sandy,Zaid,78.32,0.74,-1,0.39166856728401783,0
FARM-1374,Cotton,408.49,Sprinkler,Silty,Kharif,56.28,0.63,-1,0.6284674239686421,0
FARM-1375,Tomato,1312.59,Drip,Silty,Kharif,203.82,0.72,28,0.6559290856787229,1
FARM-1376,Wheat,695.69,Flood,Silty,Zaid,74.89,0.8,-1,0.5806323922008287,0
FARM-1377,Cotton,796.49,Rain-fed,Clay,Rabi,93.9,0.67,-1,0.48560485837587325,0
FARM-1378,Wheat,570.89,Flood,Clay,Zaid,74.79,0.73,-1,0.3196149781189961,0
FARM-1379,Tomato,909.78,Rain-fed,Sandy,Kharif,80.6,0.83,-1,0.5698598502090803,0
FARM-1380,Cotton,287.11,Rain-fed,Loamy,Zaid,29.12,0.71,-1,0.5622719863938703,0
FARM-1381,Rice,617.07,Rain-fed,Loamy,Zaid,49.59,0.55,27,0.36991209494575694,0
FARM-1382,Rice,1455.65,Manual,Clay,Kharif,88.6,0.48,-1,0.44379431915621115,0
FARM-1383,Potato,424.29,Flood,Clay,Kharif,25.92,0.64,-1,0.49084705618135593,0
FARM-1384,Carrot,1002.27,Flood,Clay,Rabi,69.05,0.5,-1,0.2390927338057548,0
FARM-1385,Wheat,521.53,Sprinkler,Silty,Kharif,52.73,0.76,24,0.6585071344384081,1
FARM-1386,Tomato,1171.54,Flood,Clay,Rabi,132.93,0.27,-1,0.409162000111271,0
FARM-1387,Barley,239.77,Sprinkler,Sandy,Zaid,31.66,0.55,27,0.4140794918006957,0
FARM-1388,Carrot,1456.24,Sprinkler,Clay,Zaid,93.6,0.72,-1,0.531339193240938,0
FARM-1389,Wheat,707.99,Sprinkler,Sandy,Zaid,96.53,0.7,36,0.7691892611879003,1
FARM-1390,Maize,392.27,Flood,Loamy,Zaid,45.15,0.74,-1,0.5469969504526354,0
FARM-1391,Sugarcane,156.57,Drip,Silty,Kharif,26.78,0.39,-1,0.4576306033623408,0
FARM-1392,Tomato,296.15,Flood,Silty,Kharif,48.62,0.74,-1,0.5697009800898991,0
FARM-1393,Carrot,803.67,Drip,Loamy,Zaid,52.23,0.49,-1,0.5440260230298928,0
FARM-1394,Tomato,538.65,Manual,Silty,Rabi,78.73,0.76,-1,0.47062227171926213,0
FARM-1395,Potato,1251.88,Flood,Peaty,Rabi,131.0,0.58,-1,0.3780415511405251,0
FARM-1396,Wheat,674.79,Drip,Silty,Zaid,39.98,0.56,-1,0.3293580852715249,0
FARM-1397,Sugarcane,410.64,Drip,Silty,Zaid,62.94,0.67,-1,0.7101423593391953,1
FARM-1398,Carrot,944.86,Sprinkler,Clay,Zaid,50.71,0.78,39,0.4212168721766065,0
FARM-1399,Carrot,1074.83,Sprinkler,Sandy,Zaid,88.16,0.58,-1,0.26698657972823814,0
FARM-1400,Cotton,292.21,Flood,Clay,Zaid,30.44,0.41,28,0.5498553535591705,0
FARM-1401,Potato,293.05,Drip,Clay,Kharif,51.58,0.68,-1,0.5428221311583981,0
FARM-1402,Soybean,103.17,Flood,Peaty,Zaid,4.51,0.63,-1,0.4191020472112836,0
FARM-1403,Wheat,1117.78,Flood,Loamy,Zaid,83.57,0.66,-1,0.47319260370072264,0
FARM-1404,Tomato,1012.52,Sprinkler,Silty,Rabi,103.04,0.93,-1,0.6368932105960268,0
FARM-1405,Potato,738.21,Sprinkler,Silty,Kharif,123.63,0.73,41,0.5786157955849272,0
FARM-1406,Tomato,1274.05,Flood,Silty,Rabi,224.23,0.75,-1,0.40956930764735866,0
FARM-1407,Cotton,1218.22,Drip,Peaty,Zaid,160.9,0.27,28,0.4507981534532872,0
FARM-1408,Potato,898.76,Manual,Clay,Zaid,88.55,0.85,36,0.651148222156799,1
FARM-1409,Cotton,1308.99,Flood,Clay,Kharif,188.04,0.57,-1,0.4636176520308668,0
FARM-1410,Tomato,348.47,Sprinkler,Loamy,Zaid,49.67,0.77,37,0.4547124960744453,0
FARM-1411,Maize,212.28,Drip,Clay,Zaid,29.55,0.56,-1,0.4705009532238881,0
FARM-1412,Maize,441.14,Flood,Clay,Kharif,98.18,0.38,40,0.5665984555763389,0
FARM-1413,Soybean,132.78,Drip,Loamy,Kharif,2.2,0.62,1,1.0,1
FARM-1414,Rice,820.2,Flood,Silty,Zaid,36.04,0.54,-1,0.5442284096123217,0
FARM-1415,Sugarcane,1408.08,Manual,Sandy,Kharif,199.67,0.59,33,0.6082051772621054,0
FARM-1416,Tomato,107.05,Flood,Loamy,Zaid,10.96,0.7,-1,0.4483125729287526,0
FARM-1417,Tomato,227.06,Drip,Sandy,Zaid,22.22,0.85,-1,0.5427490501466196,0
FARM-1418,Rice,705.69,Drip,Clay,Zaid,55.95,0.55,-1,0.2753584763806289,0
FARM-1419,Carrot,1404.12,Flood,Clay,Zaid,69.14,0.83,-1,0.5307745541311432,0
FARM-1420,Wheat,508.43,Drip,Silty,Zaid,35.2,0.9,-1,0.7737611629379224,1
FARM-1421,Wheat,785.49,Drip,Sandy,Rabi,63.58,0.45,21,0.4198374206554088,0
FARM-1422,Cotton,110.28,Rain-fed,Silty,Kharif,22.77,0.53,-1,0.3727958455838068,0
FARM-1423,Sugarcane,265.1,Flood,Clay,Kharif,38.65,0.74,-1,0.7166483329990285,1
FARM-1424,Cotton,1480.61,Drip,Silty,Zaid,195.83,0.69,-1,0.587805154817896,0
FARM-1425,Soybean,1449.42,Manual,Sandy,Zaid,46.81,0.8,-1,0.41349290258954885,0
FARM-1426,Sugarcane,57.16,Drip,Sandy,Zaid,13.57,0.57,5,1.0,1
FARM-1427,Potato,1430.13,Manual,Sandy,Zaid,127.27,0.78,16,0.5565278385246988,0
FARM-1428,Tomato,976.72,Flood,Silty,Zaid,138.45,0.8,39,0.48055834347410953,0
FARM-1429,Cotton,1308.48,Manual,Sandy,Rabi,222.75,0.58,-1,0.4958285683819395,0
FARM-1430,Barley,709.37,Sprinkler,Sandy,Kharif,70.7,0.84,-1,0.5223403510860493,0
FARM-1431,Carrot,797.61,Rain-fed,Peaty,Kharif,28.17,0.57,36,0.377370038190799,0
FARM-1432,Rice,758.83,Manual,Silty,Kharif,71.44,0.87,12,0.9386906774862226,1
FARM-1433,Cotton,1016.95,Drip,Loamy,Rabi,80.31,0.78,-1,0.5609757941814074,0
FARM-1434,Cotton,252.49,Manual,Sandy,Zaid,38.75,0.89,-1,0.5809274717727786,0
FARM-1435,Carrot,93.46,Flood,Loamy,Zaid,6.95,0.79,36,0.513299223352978,0
FARM-1436,Cotton,496.5,Flood,Clay,Zaid,49.42,0.49,2,1.0,1
FARM-1437,Wheat,1071.79,Flood,Sandy,Rabi,143.79,0.92,-1,0.4954572256816605,0
FARM-1438,Carrot,342.69,Flood,Peaty,Rabi,10.9,0.78,3,1.0,1
FARM-1439,Cotton,1026.48,Drip,Peaty,Zaid,193.12,0.86,-1,0.7239284640234508,1
FARM-1440,Cotton,1456.37,Flood,Loamy,Rabi,195.8,0.45,-1,0.5654806433094622,0
FARM-1441,Maize,186.16,Flood,Sandy,Rabi,24.05,0.46,-1,0.5657628100122851,0
FARM-1442,Tomato,1025.27,Rain-fed,Clay,Zaid,77.98,0.77,-1,0.7898391220254501,1
FARM-1443,Tomato,693.44,Rain-fed,Peaty,Zaid,120.93,0.33,-1,0.5700651046695621,0
FARM-1444,Wheat,1308.81,Flood,Peaty,Zaid,74.95,0.77,-1,0.3673883818940261,0
FARM-1445,Maize,306.87,Flood,Sandy,Rabi,38.62,0.57,-1,0.4188038780312426,0
FARM-1446,Maize,1054.31,Drip,Silty,Zaid,160.9,0.8,17,0.8929047781198693,1
FARM-1447,Carrot,1265.27,Drip,Sandy,Rabi,85.04,0.71,46,0.59160039425135,0
FARM-1448,Tomato,1419.69,Drip,Sandy,Zaid,178.0,0.75,-1,0.5175241015141594,0
FARM-1449,Cotton,1040.71,Flood,Clay,Kharif,91.16,0.46,-1,0.41378042082761707,0
FARM-1450,Carrot,770.9,Drip,Loamy,Zaid,36.53,0.9,38,0.4595094021478922,0
FARM-1451,Soybean,945.88,Manual,Sandy,Kharif,20.96,0.91,-1,0.30719880761562957,0
FARM-1452,Sugarcane,1309.91,Flood,Sandy,Rabi,149.55,0.63,3,1.0,1
FARM-1453,Potato,877.38,Flood,Loamy,Rabi,95.93,0.78,9,0.7538705039195425,1
FARM-1454,Cotton,94.06,Sprinkler,Peaty,Rabi,15.86,0.46,-1,0.49418007570109795,0
FARM-1455,Sugarcane,1399.88,Drip,Clay,Zaid,160.7,0.71,26,0.5103083146995901,0
FARM-1456,Cotton,1049.81,Flood,Sandy,Kharif,127.38,0.67,18,0.7745428930412452,1
FARM-1457,Sugarcane,1030.94,Sprinkler,Sandy,Zaid,146.96,0.42,-1,0.5467778227889649,0
FARM-1458,Cotton,362.73,Flood,Sandy,Zaid,74.98,0.64,-1,0.4015310799750047,0
FARM-1459,Cotton,1005.38,Flood,Sandy,Kharif,204.75,0.69,-1,0.5819028821483714,0
FARM-1460,Cotton,621.1,Manual,Clay,Zaid,113.05,0.54,-1,0.4964743359527588,0
FARM-1461,Rice,994.29,Manual,Clay,Kharif,58.99,0.65,-1,0.3749845080157272,0
FARM-1462,Carrot,204.56,Sprinkler,Sandy,Rabi,6.97,0.86,-1,0.17370726780984547,0
FARM-1463,Soybean,1003.88,Sprinkler,Sandy,Zaid,24.6,0.82,-1,0.32196707382486267,0
FARM-1464,Maize,1499.15,Sprinkler,Clay,Kharif,206.92,0.59,34,0.6948145431490409,1
FARM-1465,Tomato,119.91,Drip,Sandy,Zaid,14.47,0.65,-1,0.44514350494428745,0
FARM-1466,Tomato,1466.9,Flood,Loamy,Zaid,224.92,0.75,-1,0.517830496324104,0
FARM-1467,Potato,640.02,Drip,Sandy,Zaid,104.32,0.81,-1,0.7136756785990475,1
FARM-1468,Barley,1312.59,Flood,Silty,Rabi,158.87,0.77,-1,0.4802491988853715,0
FARM-1469,Maize,1184.46,Flood,Clay,Rabi,183.29,0.77,-1,0.45832005191720293,0
FARM-1470,Cotton,872.17,Drip,Clay,Rabi,144.97,0.57,-1,0.489514963934947,0
FARM-1471,Maize,1120.75,Manual,Silty,Rabi,163.98,0.84,-1,0.705939408956143,1
FARM-1472,Cotton,1323.85,Manual,Sandy,Zaid,103.96,0.93,19,0.6894645343038094,1
FARM-1473,Potato,636.0,Sprinkler,Sandy,Zaid,91.7,0.76,47,0.6674748595741009,1
FARM-1474,Soybean,524.2,Flood,Silty,Kharif,8.02,0.67,-1,0.18177710274789527,0
FARM-1475,Maize,1018.01,Rain-fed,Silty,Kharif,166.6,0.4,-1,0.5062258900942422,0
FARM-1476,Cotton,1221.38,Drip,Peaty,Zaid,141.82,0.7,-1,0.4126241098656601,0
FARM-1477,Soybean,1155.31,Rain-fed,Sandy,Zaid,41.36,0.36,3,0.7744312282542465,1
FARM-1478,Maize,1206.83,Drip,Loamy,Kharif,275.07,0.69,-1,0.706812986049528,1
FARM-1479,Soybean,681.6,Rain-fed,Loamy,Kharif,16.44,0.41,33,0.2784202425726681,0
FARM-1480,Rice,1235.86,Drip,Clay,Zaid,129.68,0.84,-1,0.4739946492628306,0
FARM-1481,Rice,224.3,Rain-fed,Sandy,Kharif,14.25,0.44,-1,0.3387770078535316,0
FARM-1482,Sugarcane,839.51,Manual,Clay,Kharif,127.11,0.7,-1,0.607776746897253,0
FARM-1483,Rice,58.35,Drip,Peaty,Kharif,5.73,0.75,40,0.5879117774365307,0
FARM-1484,Soybean,520.65,Flood,Sandy,Zaid,18.63,0.38,15,0.4319815723105016,0
FARM-1485,Potato,581.37,Manual,Sandy,Kharif,103.77,0.63,-1,0.6341695883284849,0
FARM-1486,Cotton,624.45,Flood,Loamy,Zaid,63.4,0.92,-1,0.6647616985529379,1
FARM-1487,Tomato,1058.43,Rain-fed,Clay,Zaid,147.63,0.44,-1,0.24992755048899828,0
FARM-1488,Maize,613.41,Sprinkler,Clay,Rabi,122.52,0.55,-1,0.6657948599624344,1
FARM-1489,Potato,700.61,Flood,Loamy,Kharif,118.97,0.69,1,1.0,1
FARM-1490,Sugarcane,394.44,Drip,Clay,Zaid,41.42,0.63,20,0.9324552160041968,1
FARM-1491,Rice,591.22,Drip,Sandy,Kharif,59.21,0.89,5,1.0,1
FARM-1492,Barley,379.54,Rain-fed,Silty,Kharif,36.49,0.8,46,0.502033988761176,0
FARM-1493,Barley,156.13,Flood,Silty,Rabi,10.89,0.73,-1,0.4907184027488584,0
FARM-1494,Sugarcane,925.0,Flood,Sandy,Kharif,144.22,0.35,28,0.5156959460356295,0
FARM-1495,Tomato,1018.91,Flood,Clay,Kharif,101.95,0.68,11,0.6713473074896839,1
FARM-1496,Soybean,948.26,Sprinkler,Silty,Kharif,30.7,0.79,-1,0.36465146091633704,0
FARM-1497,Cotton,722.07,Rain-fed,Silty,Zaid,140.41,0.68,6,1.0,1
FARM-1498,Maize,600.69,Manual,Clay,Zaid,115.62,0.54,-1,0.41708287154886703,0
FARM-1499,Maize,1301.83,Flood,Silty,Zaid,265.2,0.68,14,0.6917454367610479,1
FARM-1500,Rice,802.67,Rain-fed,Loamy,Kharif,65.42,0.68,-1,0.553949302256663,0
FARM-1501,Soybean,744.81,Rain-fed,Silty,Kharif,12.32,0.5,-1,0.4053668174073952,0
FARM-1502,Tomato,87.18,Sprinkler,Peaty,Zaid,7.67,0.8,-1,0.4940504291682383,0
FARM-1503,Wheat,544.81,Manual,Clay,Zaid,54.05,0.53,-1,0.5770748344305218,0
FARM-1504,Rice,601.28,Drip,Silty,Kharif,38.97,0.68,-1,0.5295882083307752,0
FARM-1505,Barley,628.29,Drip,Sandy,Zaid,38.55,0.53,-1,0.36522388639544084,0
FARM-1506,Potato,891.25,Rain-fed,Peaty,Kharif,107.39,0.86,-1,0.3404734428008735,0
FARM-1507,Wheat,823.72,Flood,Loamy,Zaid,67.78,0.53,-1,0.2451984856332294,0
FARM-1508,Maize,931.46,Rain-fed,Silty,Kharif,127.11,0.47,28,0.5649409519286909,0
FARM-1509,Carrot,1159.08,Manual,Clay,Rabi,67.04,0.59,36,0.49685856306084764,0
FARM-1510,Rice,1228.83,Drip,Loamy,Zaid,62.26,0.54,-1,0.4523100024547915,0
FARM-1511,Sugarcane,1091.28,Manual,Clay,Kharif,249.29,0.86,9,0.8573550808093132,1
FARM-1512,Potato,1435.51,Flood,Peaty,Zaid,235.6,0.55,-1,0.4368725734637424,0
FARM-1513,Potato,76.44,Flood,Silty,Kharif,11.08,0.91,8,0.8674185316724782,1
FARM-1514,Cotton,333.88,Sprinkler,Silty,Kharif,28.34,0.64,-1,0.514126198704918,0
FARM-1515,Cotton,60.97,Manual,Peaty,Zaid,10.89,0.79,-1,0.6123633763668794,0
FARM-1516,Tomato,988.84,Drip,Clay,Kharif,155.2,0.57,-1,0.46499588432518374,0
FARM-1517,Wheat,1352.14,Flood,Loamy,Rabi,171.42,0.85,-1,0.3725772850908031,0
FARM-1518,Maize,403.05,Sprinkler,Clay,Zaid,44.54,0.75,4,1.0,1
FARM-1519,Barley,1394.2,Sprinkler,Clay,Zaid,143.54,0.55,22,0.5020880427824662,0
FARM-1520,Soybean,137.39,Sprinkler,Clay,Rabi,5.5,0.89,-1,0.5149799345927512,0
FARM-1521,Tomato,1404.93,Drip,Loamy,Kharif,181.63,0.59,-1,0.3928693868359715,0
FARM-1522,Maize,559.85,Drip,Clay,Rabi,115.53,0.63,24,0.7283905351344905,1
FARM-1523,Wheat,197.06,Flood,Clay,Kharif,18.89,0.76,12,0.7448993842475451,1
FARM-1524,Wheat,754.51,Rain-fed,Clay,Rabi,77.62,0.58,-1,0.4171652821192179,0
FARM-1525,Sugarcane,422.33,Drip,Clay,Zaid,36.11,0.36,-1,0.28852021146287554,0
FARM-1526,Sugarcane,463.07,Drip,Peaty,Kharif,84.39,0.9,-1,0.7810069020593614,1
FARM-1527,Barley,495.57,Manual,Silty,Rabi,25.93,0.53,-1,0.46671412320266037,0
FARM-1528,Cotton,1214.39,Drip,Peaty,Kharif,158.97,0.44,-1,0.4788773380024682,0
FARM-1529,Potato,831.78,Manual,Loamy,Zaid,79.12,0.78,-1,0.5560330400889144,0
FARM-1530,Wheat,501.4,Sprinkler,Clay,Zaid,52.42,0.69,32,0.3705847827721096,0
FARM-1531,Maize,934.98,Rain-fed,Silty,Zaid,106.6,0.67,-1,0.7054656635890076,1
FARM-1532,Maize,1088.42,Drip,Loamy,Zaid,233.46,0.73,45,0.8528135173763159,1
FARM-1533,Soybean,445.3,Drip,Loamy,Zaid,17.3,0.85,11,0.48862544795781265,0
FARM-1534,Carrot,649.65,Sprinkler,Clay,Kharif,25.86,0.77,38,0.6240403271656196,0
FARM-1535,Maize,226.73,Rain-fed,Clay,Kharif,24.66,0.38,-1,0.6251457796345357,0
FARM-1536,Wheat,312.67,Rain-fed,Clay,Zaid,20.18,0.33,12,0.4022958522803808,0
FARM-1537,Barley,1037.62,Drip,Loamy,Kharif,128.6,0.83,-1,0.47258564006471043,0
FARM-1538,Sugarcane,313.09,Rain-fed,Sandy,Zaid,51.51,0.94,-1,0.556456235689033,0
FARM-1539,Cotton,811.49,Rain-fed,Clay,Zaid,109.89,0.78,-1,0.5854861664271113,0
FARM-1540,Maize,1078.12,Sprinkler,Clay,Zaid,117.74,0.64,-1,0.6608317562430158,1
FARM-1541,Rice,204.97,Rain-fed,Silty,Kharif,18.85,0.71,26,0.4008420757868617,0
FARM-1542,Barley,872.6,Rain-fed,Clay,Zaid,107.43,0.67,25,0.5788879698201622,0
FARM-1543,Rice,422.02,Sprinkler,Loamy,Zaid,44.84,0.73,-1,0.5159125763478494,0
FARM-1544,Rice,1446.24,Drip,Silty,Zaid,130.28,0.76,-1,0.5293478656218734,0
FARM-1545,Tomato,751.14,Flood,Clay,Rabi,51.85,0.68,-1,0.5574502572085628,0
FARM-1546,Cotton,1218.69,Drip,Clay,Zaid,104.49,0.63,-1,0.4091509323619093,0
FARM-1547,Rice,847.83,Flood,Loamy,Kharif,37.26,0.82,21,0.5849435072359046,0
FARM-1548,Soybean,112.95,Flood,Loamy,Kharif,2.57,0.61,-1,0.33923521103140536,0
FARM-1549,Carrot,968.07,Drip,Sandy,Rabi,36.92,0.63,39,0.5781025622339098,0
FARM-1550,Soybean,1429.53,Flood,Silty,Rabi,32.6,0.8,-1,0.380246582948752,0
FARM-1551,Wheat,922.34,Drip,Clay,Zaid,81.63,0.84,-1,0.5785541294275781,0
FARM-1552,Soybean,1237.82,Rain-fed,Sandy,Zaid,53.58,0.82,-1,0.29479731863547987,0
FARM-1553,Soybean,1332.1,Manual,Sandy,Rabi,44.37,0.76,-1,0.24851059638341289,0
FARM-1554,Potato,380.72,Drip,Clay,Zaid,60.99,0.78,-1,0.4236928010269612,0
FARM-1555,Sugarcane,357.47,Manual,Sandy,Kharif,69.23,0.6,22,0.6223209986758711,0
FARM-1556,Cotton,935.92,Flood,Clay,Kharif,80.26,0.47,10,0.8923869334825041,1
FARM-1557,Cotton,645.99,Drip,Loamy,Kharif,111.77,0.33,-1,0.37179237405601495,0
FARM-1558,Carrot,1267.8,Drip,Clay,Rabi,58.96,0.8,-1,0.47646263539420514,0
FARM-1559,Rice,1355.03,Flood,Loamy,Rabi,123.48,0.72,-1,0.5037097958570995,0
FARM-1560,Carrot,562.46,Rain-fed,Loamy,Kharif,28.38,0.58,-1,0.24284708909638403,0
FARM-1561,Barley,393.46,Sprinkler,Silty,Zaid,53.03,0.75,-1,0.4364893149387862,0
FARM-1562,Cotton,1181.76,Drip,Clay,Rabi,126.33,0.52,-1,0.5504415138932524,0
FARM-1563,Cotton,448.47,Drip,Loamy,Zaid,48.92,0.84,23,0.7588327414169422,1
FARM-1564,Tomato,1242.79,Flood,Loamy,Zaid,213.36,0.2,3,0.7206005373320761,1
FARM-1565,Soybean,664.42,Drip,Silty,Rabi,10.46,0.6,39,0.4194410353957252,0
FARM-1566,Tomato,1017.95,Drip,Sandy,Zaid,146.18,0.92,-1,0.5529009609156217,0
FARM-1567,Sugarcane,188.53,Drip,Sandy,Zaid,36.96,0.51,38,0.5330567419091751,0
FARM-1568,Potato,954.6,Rain-fed,Silty,Zaid,153.08,0.92,-1,0.6484865692963611,0
FARM-1569,Tomato,705.06,Manual,Silty,Rabi,124.75,0.43,-1,0.5642935924483794,0
FARM-1570,Soybean,900.58,Flood,Loamy,Kharif,39.87,0.56,44,0.31728987066389724,0
FARM-1571,Wheat,293.62,Manual,Sandy,Kharif,16.6,0.6,-1,0.5579050215539265,0
FARM-1572,Tomato,1118.47,Flood,Silty,Zaid,177.41,0.82,-1,0.42390772321181536,0
FARM-1573,Rice,1301.06,Flood,Peaty,Kharif,119.31,0.64,4,0.9090743345912131,1
FARM-1574,Potato,364.27,Drip,Silty,Kharif,50.15,0.41,33,0.4204826947013097,0
FARM-1575,Maize,188.79,Sprinkler,Loamy,Zaid,21.35,0.88,15,0.8902006986756061,1
FARM-1576,Barley,84.28,Manual,Clay,Zaid,8.72,0.75,-1,0.4503692597214899,0
FARM-1577,Potato,980.86,Sprinkler,Loamy,Zaid,174.49,0.74,-1,0.40189385810361955,0
FARM-1578,Sugarcane,930.29,Flood,Silty,Rabi,210.14,0.71,46,0.5663228935071198,0
FARM-1579,Barley,842.71,Sprinkler,Loamy,Kharif,71.23,0.83,-1,0.34767989201434135,0
FARM-1580,Sugarcane,386.32,Drip,Loamy,Rabi,33.37,0.26,-1,0.29330987710512824,0
FARM-1581,Maize,616.81,Manual,Silty,Zaid,95.74,0.74,-1,0.7040324374875048,1
FARM-1582,Sugarcane,911.99,Flood,Loamy,Rabi,193.54,0.86,-1,0.6388962870142779,0
FARM-1583,Tomato,770.31,Flood,Silty,Kharif,111.06,0.63,-1,0.5150864410128088,0
FARM-1584,Rice,1482.29,Sprinkler,Loamy,Kharif,113.76,0.56,-1,0.5655577481595073,0
FARM-1585,Barley,247.84,Sprinkler,Loamy,Rabi,12.38,0.68,-1,0.422402820678774,0
FARM-1586,Cotton,1057.96,Drip,Loamy,Zaid,137.29,0.41,-1,0.5074283933182238,0
FARM-1587,Cotton,636.26,Sprinkler,Silty,Zaid,86.32,0.54,-1,0.4988135512201255,0
FARM-1588,Cotton,670.89,Drip,Clay,Kharif,134.18,0.9,-1,0.9162684532731502,1
FARM-1589,Barley,1090.52,Sprinkler,Clay,Kharif,111.99,0.71,22,0.2665831368122178,0
FARM-1590,Cotton,1054.03,Rain-fed,Peaty,Kharif,119.77,0.46,-1,0.3922337724027878,0
FARM-1591,Rice,1487.32,Rain-fed,Clay,Zaid,122.0,0.5,-1,0.4254023974231481,0
FARM-1592,Barley,236.17,Flood,Sandy,Kharif,12.03,0.79,38,0.4822479219956677,0
FARM-1593,Tomato,200.96,Flood,Sandy,Zaid,35.51,0.86,-1,0.6406071557309981,0
FARM-1594,Potato,1100.29,Drip,Loamy,Zaid,113.56,0.64,-1,0.4899920807103311,0
FARM-1595,Sugarcane,888.66,Rain-fed,Sandy,Kharif,139.04,0.72,-1,0.6944948838011638,1
FARM-1596,Rice,447.53,Drip,Clay,Kharif,30.62,0.78,9,0.5987877169572342,0
FARM-1597,Barley,165.16,Flood,Sandy,Zaid,17.58,0.87,32,0.6180115037889082,0
FARM-1598,Barley,174.2,Drip,Loamy,Zaid,18.22,0.71,34,0.579173251572767,0
FARM-1599,Cotton,1346.58,Drip,Sandy,Zaid,229.11,0.92,13,0.832607487249705,1
FARM-1600,Barley,328.21,Sprinkler,Clay,Zaid,22.69,0.82,-1,0.5229412484920889,0
FARM-1601,Barley,518.89,Drip,Sandy,Rabi,38.09,0.43,-1,0.47224309057795605,0
FARM-1602,Barley,378.65,Rain-fed,Clay,Rabi,21.31,0.76,-1,0.3160094253495106,0
FARM-1603,Cotton,564.74,Flood,Clay,Zaid,91.36,0.83,-1,0.6244967190791685,0
FARM-1604,Cotton,150.66,Drip,Clay,Kharif,11.39,0.73,2,1.0,1
FARM-1605,Sugarcane,802.64,Flood,Clay,Rabi,140.97,0.65,-1,0.6557610936926311,1
FARM-1606,Barley,148.04,Drip,Silty,Rabi,18.25,0.3,-1,0.21620664176302845,0
FARM-1607,Tomato,1210.52,Drip,Loamy,Zaid,202.04,0.63,22,0.3491032602775218,0
FARM-1608,Soybean,388.88,Sprinkler,Peaty,Rabi,11.07,0.63,-1,0.39014674142474504,0
FARM-1609,Rice,833.02,Drip,Peaty,Zaid,63.93,0.72,-1,0.4211628706041031,0
FARM-1610,Cotton,1326.11,Rain-fed,Sandy,Zaid,107.12,0.65,-1,0.5756629616101603,0
FARM-1611,Wheat,993.77,Drip,Clay,Zaid,116.35,0.79,-1,0.6587008902699062,1
FARM-1612,Rice,822.79,Drip,Loamy,Kharif,86.97,0.36,-1,0.3411401085932236,0
FARM-1613,Cotton,520.28,Rain-fed,Silty,Zaid,54.24,0.92,-1,0.6649428083908949,1
FARM-1614,Potato,532.85,Flood,Loamy,Zaid,58.91,0.81,-1,0.559272962077057,0
FARM-1615,Potato,1020.76,Drip,Clay,Zaid,164.0,0.89,11,0.6812693516250988,1
FARM-1616,Cotton,1491.5,Flood,Sandy,Rabi,287.56,0.62,34,0.5750466427618894,0
FARM-1617,Barley,1009.67,Drip,Silty,Rabi,67.53,0.8,-1,0.6973898578442584,1
FARM-1618,Wheat,858.79,Rain-fed,Silty,Zaid,90.22,0.75,-1,0.4624780769866102,0
FARM-1619,Carrot,1109.44,Flood,Clay,Rabi,46.1,0.64,1,1.0,1
FARM-1620,Barley,724.55,Rain-fed,Sandy,Rabi,39.25,0.57,39,0.5937084892105347,0
FARM-1621,Barley,137.21,Manual,Clay,Kharif,17.43,0.6,-1,0.2658711339098042,0
FARM-1622,Tomato,865.33,Flood,Clay,Zaid,137.12,0.7,-1,0.5820124050956936,0
FARM-1623,Sugarcane,1438.56,Manual,Silty,Kharif,290.02,0.59,16,0.5382884786077304,0
FARM-1624,Rice,304.19,Flood,Clay,Rabi,13.35,0.93,-1,0.571918871688146,0
FARM-1625,Tomato,1050.51,Manual,Clay,Kharif,169.39,0.77,-1,0.5457590551601799,0
FARM-1626,Sugarcane,341.35,Drip,Clay,Zaid,51.23,0.26,-1,0.48524001607980144,0
FARM-1627,Carrot,826.95,Sprinkler,Silty,Kharif,41.8,0.62,-1,0.2667525629845609,0
FARM-1628,Cotton,190.18,Flood,Silty,Kharif,27.86,0.69,-1,0.502496691530843,0
FARM-1629,Barley,703.04,Flood,Sandy,Kharif,37.42,0.64,-1,0.5024052953305583,0
FARM-1630,Carrot,1146.44,Sprinkler,Silty,Zaid,86.44,0.67,28,0.4197753690394751,0
FARM-1631,Potato,553.98,Sprinkler,Clay,Zaid,71.96,0.45,-1,0.49555152605285036,0
FARM-1632,Soybean,1014.12,Drip,Loamy,Rabi,20.89,0.76,-1,0.38491698106887523,0
FARM-1633,Soybean,1203.4,Drip,Loamy,Rabi,24.85,0.75,-1,0.3154248242069839,0
FARM-1634,Cotton,1394.41,Sprinkler,Clay,Zaid,133.58,0.56,28,0.5552232028865876,0
FARM-1635,Sugarcane,390.23,Sprinkler,Loamy,Rabi,34.78,0.78,-1,0.632350483166862,0
FARM-1636,Soybean,629.01,Manual,Peaty,Zaid,20.53,0.66,-1,0.30198178859585983,0
FARM-1637,Barley,271.0,Rain-fed,Clay,Kharif,32.69,0.81,-1,0.5770249753732951,0
FARM-1638,Barley,1489.1,Manual,Loamy,Kharif,69.35,0.41,12,0.4914874516629763,0
FARM-1639,Tomato,1394.15,Sprinkler,Clay,Rabi,91.85,0.91,-1,0.546696907378778,0
FARM-1640,Cotton,832.94,Drip,Clay,Rabi,125.1,0.48,-1,0.5630251681532861,0
FARM-1641,Tomato,1270.95,Drip,Silty,Zaid,201.24,0.59,-1,0.4337870835927209,0
FARM-1642,Barley,805.39,Rain-fed,Loamy,Rabi,59.93,0.53,24,0.4339628379734991,0
FARM-1643,Tomato,954.2,Sprinkler,Loamy,Zaid,97.28,0.55,-1,0.211433619842893,0
FARM-1644,Cotton,179.23,Drip,Silty,Kharif,27.51,0.71,3,1.0,1
FARM-1645,Potato,1145.14,Flood,Clay,Kharif,106.39,0.23,31,0.32313725213367894,0
FARM-1646,Soybean,235.18,Manual,Loamy,Kharif,3.72,0.83,32,0.4107142134764753,0
FARM-1647,Rice,1247.8,Flood,Loamy,Zaid,123.31,0.76,-1,0.39178607833711376,0
FARM-1648,Wheat,1183.94,Flood,Sandy,Rabi,133.27,0.5,40,0.5568416002337488,0
FARM-1649,Sugarcane,1077.68,Flood,Peaty,Zaid,186.35,0.48,-1,0.43448523555489177,0
FARM-1650,Cotton,102.43,Drip,Silty,Zaid,17.81,0.72,-1,0.49793736297614233,0
FARM-1651,Soybean,489.54,Flood,Loamy,Kharif,17.26,0.79,31,0.4665654197099733,0
FARM-1652,Soybean,431.51,Flood,Silty,Kharif,9.14,0.61,-1,0.1938318120071319,0
FARM-1653,Carrot,572.2,Drip,Clay,Rabi,29.27,0.58,-1,0.5083992154846776,0
FARM-1654,Sugarcane,177.08,Rain-fed,Clay,Zaid,17.74,0.35,-1,0.5402156791162813,0
FARM-1655,Cotton,1408.59,Flood,Clay,Zaid,124.21,0.85,-1,0.5031913047892151,0
FARM-1656,Tomato,853.01,Rain-fed,Loamy,Rabi,120.4,0.7,-1,0.6213667085866837,0
FARM-1657,Tomato,493.01,Rain-fed,Sandy,Kharif,80.38,0.75,5,1.0,1
FARM-1658,Rice,625.62,Drip,Sandy,Zaid,73.21,0.49,31,0.3167885263081387,0
FARM-1659,Soybean,698.44,Sprinkler,Silty,Kharif,23.64,0.57,-1,0.17148333842411756,0
FARM-1660,Tomato,920.86,Flood,Sandy,Kharif,75.6,0.87,-1,0.5269586854101866,0
FARM-1661,Maize,797.74,Manual,Sandy,Kharif,86.97,0.84,37,0.6176373827623514,0
FARM-1662,Rice,1383.12,Drip,Clay,Kharif,145.27,0.5,-1,0.28197114655772276,0
FARM-1663,Barley,770.6,Sprinkler,Clay,Rabi,74.82,0.66,-1,0.4039875415281257,0
FARM-1664,Cotton,1488.63,Sprinkler,Sandy,Rabi,233.06,0.61,-1,0.5744152361376481,0
FARM-1665,Barley,1284.57,Drip,Loamy,Kharif,148.15,0.72,-1,0.47612255031502493,0
FARM-1666,Barley,352.34,Drip,Silty,Zaid,38.16,0.58,-1,0.3971978493465306,0
FARM-1667,Barley,1399.36,Sprinkler,Clay,Rabi,168.06,0.45,-1,0.31168267050750875,0
FARM-1668,Barley,218.73,Sprinkler,Clay,Kharif,10.95,0.89,-1,0.4052044250036623,0
FARM-1669,Tomato,1235.3,Flood,Loamy,Kharif,184.93,0.66,-1,0.5631717726781987,0
FARM-1670,Barley,601.9,Sprinkler,Clay,Zaid,73.18,0.86,-1,0.5809374156823712,0
FARM-1671,Potato,1323.06,Flood,Clay,Rabi,124.81,0.5,19,0.49831514090082857,0
FARM-1672,Cotton,1308.68,Sprinkler,Silty,Kharif,208.95,0.85,10,0.7280663040693758,1
FARM-1673,Soybean,1218.59,Drip,Clay,Zaid,29.76,0.73,-1,0.5076104437527084,0
FARM-1674,Sugarcane,1195.54,Manual,Sandy,Zaid,278.89,0.65,-1,0.6046730451086932,0
FARM-1675,Maize,491.78,Drip,Loamy,Rabi,47.22,0.77,42,0.7635107826208766,1
FARM-1676,Cotton,167.33,Flood,Clay,Zaid,25.3,0.59,-1,0.5600147860699759,0
FARM-1677,Tomato,634.32,Drip,Loamy,Rabi,50.73,0.87,29,0.5477516301418708,0
FARM-1678,Maize,301.61,Drip,Silty,Kharif,65.81,0.77,-1,0.8179276584016868,1
FARM-1679,Potato,1057.68,Flood,Loamy,Kharif,85.79,0.6,39,0.4996502067055769,0
FARM-1680,Wheat,551.84,Drip,Silty,Zaid,40.58,0.69,-1,0.5582042003928943,0
FARM-1681,Barley,1464.63,Rain-fed,Clay,Zaid,131.07,0.72,-1,0.6138432703426777,0
FARM-1682,Barley,979.41,Drip,Silty,Rabi,124.71,0.67,2,1.0,1
FARM-1683,Rice,1242.6,Flood,Clay,Zaid,70.75,0.9,-1,0.40185215912648836,0
FARM-1684,Potato,242.16,Flood,Sandy,Kharif,18.72,0.86,-1,0.3346529486514265,0
FARM-1685,Soybean,1299.92,Drip,Sandy,Zaid,49.1,0.89,-1,0.4121584190698062,0
FARM-1686,Soybean,1388.0,Drip,Peaty,Zaid,41.67,0.75,5,0.7850144447732554,1
FARM-1687,Barley,756.24,Flood,Loamy,Zaid,96.09,0.68,-1,0.39392248663143814,0
FARM-1688,Carrot,929.07,Flood,Clay,Kharif,36.05,0.41,-1,0.2975685453456917,0
FARM-1689,Barley,1158.97,Flood,Clay,Rabi,119.53,0.55,-1,0.4430344838171058,0
FARM-1690,Tomato,303.52,Flood,Silty,Zaid,26.69,0.72,-1,0.6273927790794636,0
FARM-1691,Sugarcane,778.72,Sprinkler,Sandy,Zaid,81.83,0.78,-1,0.6091434608873791,0
FARM-1692,Soybean,628.06,Drip,Silty,Zaid,22.3,0.63,-1,0.3074658326539937,0
FARM-1693,Barley,262.24,Flood,Clay,Kharif,25.81,0.79,-1,0.4781399670566447,0
FARM-1694,Cotton,582.92,Manual,Loamy,Zaid,102.4,0.66,-1,0.547359463332685,0
FARM-1695,Rice,148.85,Flood,Clay,Rabi,9.64,0.65,-1,0.36868156190761364,0
FARM-1696,Tomato,87.43,Sprinkler,Peaty,Kharif,9.95,0.51,-1,0.3922034615505516,0
FARM-1697,Soybean,245.99,Flood,Sandy,Kharif,6.68,0.86,-1,0.3584977160727698,0
FARM-1698,Barley,1446.52,Rain-fed,Peaty,Zaid,193.21,0.65,-1,0.4556266241619497,0
FARM-1699,Sugarcane,846.82,Rain-fed,Clay,Rabi,107.34,0.72,40,0.5818051825807401,0
FARM-1700,Soybean,1450.44,Flood,Sandy,Zaid,34.59,0.5,-1,0.214900606687359,0
FARM-1701,Cotton,677.12,Manual,Sandy,Zaid,81.01,0.68,2,1.0,1
FARM-1702,Tomato,502.13,Drip,Loamy,Kharif,64.15,0.47,-1,0.5176399340504383,0
FARM-1703,Cotton,783.91,Drip,Silty,Kharif,82.57,0.82,-1,0.5122918922733384,0
FARM-1704,Cotton,687.29,Rain-fed,Peaty,Zaid,136.18,0.8,-1,0.6864672930593569,1
FARM-1705,Maize,203.21,Rain-fed,Silty,Zaid,28.01,0.56,-1,0.6467392074083685,0
FARM-1706,Tomato,979.2,Drip,Silty,Rabi,164.01,0.54,40,0.5041446342179698,0
FARM-1707,Wheat,363.26,Drip,Clay,Zaid,21.92,0.95,39,0.5692027052993599,0
FARM-1708,Barley,948.4,Drip,Loamy,Rabi,98.72,0.62,13,0.5172771601800477,0
FARM-1709,Rice,992.79,Drip,Peaty,Kharif,111.75,0.77,-1,0.4903840172783237,0
FARM-1710,Carrot,270.44,Rain-fed,Clay,Zaid,10.85,0.82,-1,0.36337663378034923,0
FARM-1711,Soybean,138.96,Flood,Sandy,Zaid,6.12,0.59,-1,0.4057221329671825,0
FARM-1712,Sugarcane,1182.1,Flood,Sandy,Zaid,180.22,0.88,39,0.8700806588455011,1
FARM-1713,Sugarcane,716.71,Flood,Sandy,Kharif,165.79,0.56,-1,0.5397195502431908,0
FARM-1714,Tomato,134.34,Drip,Peaty,Kharif,18.97,0.65,-1,0.6138780811922129,0
FARM-1715,Potato,1492.56,Drip,Loamy,Zaid,143.57,0.71,-1,0.48284510516972523,0
FARM-1716,Wheat,133.78,Sprinkler,Loamy,Kharif,9.21,0.62,-1,0.37656482167158806,0
FARM-1717,Maize,1057.8,Manual,Clay,Rabi,153.03,0.89,39,0.8860275180145241,1
FARM-1718,Cotton,1476.33,Rain-fed,Loamy,Zaid,122.57,0.45,-1,0.6179866955605507,0
FARM-1719,Carrot,396.81,Drip,Clay,Rabi,15.33,0.68,-1,0.5883157986992217,0
FARM-1720,Potato,256.26,Manual,Loamy,Zaid,18.59,0.9,-1,0.6332655071477109,0
FARM-1721,Barley,226.01,Rain-fed,Silty,Zaid,18.77,0.58,22,0.602558865605919,0
FARM-1722,Cotton,489.75,Rain-fed,Peaty,Zaid,88.83,0.81,-1,0.6350617228466149,0
FARM-1723,Carrot,196.52,Flood,Clay,Zaid,7.56,0.39,21,0.5254287747607681,0
FARM-1724,Soybean,1053.63,Flood,Loamy,Zaid,19.92,0.47,-1,0.2913284133439259,0
FARM-1725,Wheat,140.32,Flood,Peaty,Zaid,16.04,0.75,30,0.657927733704913,1
FARM-1726,Cotton,788.66,Drip,Clay,Rabi,76.98,0.52,5,0.7744581544797134,1
FARM-1727,Wheat,1495.21,Drip,Clay,Rabi,89.36,0.68,-1,0.44888372246323277,0
FARM-1728,Barley,1230.26,Drip,Clay,Kharif,73.84,0.65,-1,0.5213636148642237,0
FARM-1729,Barley,942.07,Flood,Sandy,Zaid,120.71,0.9,-1,0.6123972744069368,0
FARM-1730,Barley,494.07,Rain-fed,Clay,Zaid,58.76,0.66,-1,0.533890320986911,0
FARM-1731,Wheat,954.65,Flood,Peaty,Zaid,81.53,0.69,25,0.5803731570267809,0
FARM-1732,Rice,814.21,Drip,Loamy,Kharif,75.29,0.79,-1,0.4107977996864721,0
FARM-1733,Soybean,667.82,Manual,Sandy,Rabi,20.78,0.62,-1,0.3021053466481046,0
FARM-1734,Tomato,239.53,Manual,Clay,Zaid,33.83,0.78,-1,0.5567034364008504,0
FARM-1735,Potato,1335.58,Rain-fed,Loamy,Zaid,189.55,0.9,-1,0.6241740808532577,0
FARM-1736,Tomato,702.19,Manual,Sandy,Kharif,95.11,0.54,27,0.444927743025777,0
FARM-1737,Wheat,332.2,Flood,Silty,Zaid,25.45,0.72,-1,0.4614133414312702,0
FARM-1738,Sugarcane,583.25,Manual,Silty,Zaid,50.3,0.56,40,0.5936698244164409,0
FARM-1739,Tomato,650.49,Drip,Sandy,Kharif,74.59,0.3,39,0.19577783412559704,0
FARM-1740,Sugarcane,1249.93,Flood,Silty,Kharif,278.18,0.62,-1,0.6512504781373769,1
FARM-1741,Tomato,1113.74,Drip,Silty,Zaid,142.94,0.85,-1,0.5964015956640611,0
FARM-1742,Carrot,1165.49,Drip,Silty,Zaid,93.17,0.73,26,0.5274207759337107,0
FARM-1743,Soybean,66.0,Drip,Clay,Rabi,2.95,0.41,-1,0.1724503688971719,0
FARM-1744,Barley,653.42,Sprinkler,Clay,Zaid,39.03,0.83,-1,0.5706250375530253,0
FARM-1745,Potato,747.95,Rain-fed,Clay,Zaid,106.97,0.87,-1,0.5048074176066564,0
FARM-1746,Tomato,77.83,Sprinkler,Sandy,Zaid,10.97,0.61,-1,0.4165185755768863,0
FARM-1747,Soybean,426.73,Drip,Loamy,Zaid,18.95,0.42,16,0.432009475162415,0
FARM-1748,Potato,1152.42,Rain-fed,Loamy,Zaid,205.44,0.59,-1,0.511716173614405,0
FARM-1749,Rice,248.81,Sprinkler,Silty,Rabi,23.62,0.81,-1,0.3562399734831707,0
FARM-1750,Cotton,826.2,Flood,Silty,Zaid,86.01,0.58,35,0.7364037536754703,1
FARM-1751,Potato,362.04,Sprinkler,Silty,Zaid,56.42,0.77,9,0.7121502346426853,1
FARM-1752,Rice,67.58,Drip,Loamy,Kharif,3.28,0.84,-1,0.48274064453786614,0
FARM-1753,Tomato,399.74,Flood,Sandy,Kharif,61.43,0.77,11,0.9226787386601951,1
FARM-1754,Cotton,1465.02,Manual,Clay,Rabi,289.24,0.73,-1,0.36602184307899105,0
FARM-1755,Wheat,1212.23,Drip,Clay,Rabi,107.02,0.8,10,0.5675557361848542,0
FARM-1756,Rice,1441.39,Flood,Clay,Zaid,130.37,0.45,-1,0.38419336870885185,0
FARM-1757,Soybean,757.39,Manual,Loamy,Kharif,21.13,0.38,-1,0.0,0
FARM-1758,Potato,209.12,Sprinkler,Loamy,Kharif,23.53,0.64,5,0.6916506497514878,1
FARM-1759,Wheat,844.54,Drip,Silty,Rabi,68.44,0.7,-1,0.5975157826294142,0
FARM-1760,Barley,708.85,Drip,Clay,Kharif,80.52,0.73,45,0.48328657620306925,0
FARM-1761,Tomato,1274.32,Drip,Silty,Rabi,219.62,0.79,-1,0.7756089559296816,1
FARM-1762,Barley,192.22,Sprinkler,Sandy,Kharif,24.92,0.68,35,0.4151896888613101,0
FARM-1763,Carrot,757.95,Flood,Loamy,Zaid,30.69,0.44,37,0.32730971484979404,0
FARM-1764,Cotton,267.57,Drip,Loamy,Kharif,51.5,0.8,-1,0.6540630726178587,1
FARM-1765,Soybean,520.78,Manual,Loamy,Rabi,19.33,0.58,16,0.4803293190057592,0
FARM-1766,Carrot,1119.17,Flood,Sandy,Rabi,50.55,0.62,-1,0.3425100384511155,0
FARM-1767,Potato,740.23,Drip,Loamy,Zaid,50.39,0.4,35,0.40182066557242485,0
FARM-1768,Tomato,595.04,Flood,Clay,Kharif,54.84,0.53,-1,0.47513623243412906,0
FARM-1769,Wheat,621.99,Sprinkler,Clay,Zaid,87.84,0.53,7,0.849688588617585,1
FARM-1770,Cotton,716.2,Drip,Sandy,Zaid,113.62,0.46,-1,0.5402808689573295,0
FARM-1771,Wheat,1188.27,Drip,Silty,Zaid,145.09,0.47,-1,0.3247531583689865,0
FARM-1772,Cotton,1343.52,Rain-fed,Loamy,Zaid,142.41,0.81,-1,0.5048227353920661,0
FARM-1773,Tomato,1435.24,Flood,Silty,Rabi,210.01,0.72,-1,0.4587211012290042,0
FARM-1774,Wheat,1191.01,Flood,Sandy,Zaid,62.9,0.58,9,0.5446257114634183,0
FARM-1775,Barley,507.34,Flood,Peaty,Rabi,39.97,0.58,-1,0.42674094823272446,0
FARM-1776,Barley,1047.8,Drip,Silty,Zaid,106.26,0.79,-1,0.5773786178734285,0
FARM-1777,Carrot,684.52,Drip,Sandy,Zaid,26.54,0.54,-1,0.3288660001499597,0
FARM-1778,Carrot,419.27,Flood,Sandy,Zaid,33.28,0.73,-1,0.5839766792929515,0
FARM-1779,Rice,1269.26,Drip,Silty,Zaid,74.64,0.83,-1,0.669541457515469,1
FARM-1780,Rice,105.72,Drip,Loamy,Zaid,9.75,0.87,19,0.6587735268828421,1
FARM-1781,Soybean,1357.55,Rain-fed,Loamy,Zaid,36.87,0.52,46,0.38925760383490243,0
FARM-1782,Barley,719.14,Manual,Clay,Kharif,70.94,0.57,-1,0.31795420220305526,0
FARM-1783,Tomato,973.94,Rain-fed,Silty,Zaid,70.99,0.76,-1,0.5079193506160823,0
FARM-1784,Barley,1006.06,Rain-fed,Silty,Zaid,46.8,0.8,-1,0.6272270377766551,0
FARM-1785,Potato,1347.92,Drip,Clay,Zaid,228.0,0.65,-1,0.4420727382711558,0
FARM-1786,Soybean,973.17,Manual,Sandy,Rabi,22.47,0.35,-1,0.3487379807016452,0
FARM-1787,Sugarcane,940.2,Drip,Loamy,Rabi,198.52,0.67,14,0.8592564102074833,1
FARM-1788,Sugarcane,146.65,Manual,Clay,Kharif,35.18,0.55,-1,0.6151623961046357,0
FARM-1789,Maize,801.69,Manual,Peaty,Zaid,102.66,0.81,10,0.7849123292158543,1
FARM-1790,Barley,267.75,Sprinkler,Clay,Zaid,18.44,0.88,-1,0.5008013515929679,0
FARM-1791,Soybean,1119.28,Manual,Clay,Rabi,39.05,0.61,-1,0.36842088388441274,0
FARM-1792,Soybean,792.72,Sprinkler,Sandy,Zaid,34.85,0.6,-1,0.20142519254979696,0
FARM-1793,Rice,1036.33,Drip,Silty,Zaid,117.38,0.69,-1,0.41699227527834015,0
FARM-1794,Cotton,110.43,Flood,Clay,Zaid,15.5,0.8,-1,0.6752130949127639,1
FARM-1795,Potato,172.95,Sprinkler,Sandy,Zaid,26.88,0.64,29,0.5191827772077705,0
FARM-1796,Potato,1088.67,Drip,Sandy,Zaid,83.05,0.87,-1,0.5033545508731353,0
FARM-1797,Soybean,154.52,Sprinkler,Clay,Rabi,6.85,0.52,22,0.1922703802081386,0
FARM-1798,Rice,153.32,Manual,Clay,Zaid,17.96,0.72,-1,0.40933658022856917,0
FARM-1799,Potato,67.56,Drip,Sandy,Kharif,5.38,0.86,-1,0.6613181512810138,1
FARM-1800,Carrot,1436.93,Rain-fed,Loamy,Zaid,68.92,0.68,-1,0.3047096324673502,0
FARM-1801,Barley,1119.39,Manual,Peaty,Zaid,60.46,0.65,-1,0.44178721064677073,0
FARM-1802,Soybean,562.21,Manual,Silty,Rabi,13.02,0.43,-1,0.2095790728205933,0
FARM-1803,Rice,479.98,Manual,Peaty,Zaid,50.53,0.83,-1,0.4253376444031953,0
FARM-1804,Sugarcane,557.07,Flood,Clay,Rabi,78.29,0.77,-1,0.7117705599375889,1
FARM-1805,Carrot,1173.25,Manual,Peaty,Kharif,41.42,0.62,-1,0.5322272281165896,0
FARM-1806,Potato,1008.99,Rain-fed,Loamy,Zaid,101.98,0.93,-1,0.7124337943641704,1
FARM-1807,Potato,318.53,Drip,Loamy,Rabi,56.62,0.78,-1,0.48240635975492857,0
FARM-1808,Sugarcane,302.46,Flood,Clay,Zaid,54.67,0.69,-1,0.7952365663845946,1
FARM-1809,Cotton,192.67,Sprinkler,Clay,Rabi,24.71,0.71,36,0.7290051558878714,1
FARM-1810,Maize,1007.44,Drip,Sandy,Zaid,120.87,0.76,-1,0.6182642931035711,0
FARM-1811,Wheat,1158.34,Sprinkler,Loamy,Rabi,172.15,0.6,10,0.5806491799706268,0
FARM-1812,Cotton,434.32,Sprinkler,Clay,Zaid,80.31,0.46,-1,0.5761039263844923,0
FARM-1813,Potato,80.37,Drip,Sandy,Kharif,7.54,0.82,1,1.0,1
FARM-1814,Potato,169.15,Sprinkler,Clay,Kharif,11.57,0.69,-1,0.43092351513122723,0
FARM-1815,Soybean,1453.4,Rain-fed,Sandy,Rabi,24.27,0.54,38,0.32272756359127325,0
FARM-1816,Soybean,478.39,Flood,Loamy,Rabi,8.9,0.68,-1,0.2912803182118639,0
FARM-1817,Tomato,1165.37,Drip,Silty,Rabi,151.14,0.47,21,0.45468499722210526,0
FARM-1818,Cotton,955.76,Drip,Silty,Rabi,191.18,0.83,-1,0.7134586253261468,1
FARM-1819,Tomato,603.81,Flood,Loamy,Zaid,72.22,0.85,-1,0.6581724188314314,1
FARM-1820,Wheat,348.25,Manual,Loamy,Zaid,46.77,0.78,-1,0.595854147755926,0
FARM-1821,Cotton,226.01,Drip,Loamy,Zaid,29.93,0.56,-1,0.5864670393319513,0
FARM-1822,Tomato,941.77,Sprinkler,Silty,Zaid,136.58,0.6,-1,0.38839662552924026,0
FARM-1823,Tomato,1173.22,Drip,Loamy,Zaid,173.43,0.81,-1,0.5036312728203003,0
FARM-1824,Soybean,983.66,Flood,Clay,Kharif,19.89,0.8,-1,0.5258657522937663,0
FARM-1825,Potato,818.94,Rain-fed,Clay,Zaid,84.63,0.91,44,0.6681345455772333,1
FARM-1826,Tomato,110.83,Sprinkler,Loamy,Kharif,15.13,0.71,-1,0.3769529306295697,0
FARM-1827,Tomato,1454.31,Drip,Loamy,Zaid,99.6,0.66,19,0.6456944327595746,0
FARM-1828,Carrot,1208.14,Flood,Silty,Zaid,62.45,0.65,-1,0.44547912616681334,0
FARM-1829,Sugarcane,474.59,Drip,Clay,Kharif,78.58,0.63,-1,0.6244041437370209,0
FARM-1830,Barley,1470.96,Flood,Loamy,Rabi,198.08,0.5,37,0.3493709344206782,0
FARM-1831,Sugarcane,922.73,Sprinkler,Silty,Kharif,143.88,0.7,30,0.8660915107644651,1
FARM-1832,Barley,894.51,Drip,Silty,Kharif,105.95,0.78,14,0.5019405412891249,0
FARM-1833,Barley,1134.71,Drip,Loamy,Zaid,95.19,0.71,-1,0.4750896430163412,0
FARM-1834,Sugarcane,1227.07,Flood,Loamy,Kharif,254.52,0.56,-1,0.7176552852766083,1
FARM-1835,Sugarcane,1001.89,Manual,Loamy,Zaid,175.6,0.6,-1,0.6191657083935446,0
FARM-1836,Potato,235.74,Manual,Peaty,Zaid,39.23,0.81,-1,0.6476219569051356,0
FARM-1837,Tomato,540.49,Drip,Clay,Zaid,59.08,0.59,-1,0.37068358508298643,0
FARM-1838,Soybean,1395.72,Rain-fed,Peaty,Zaid,46.24,0.66,21,0.46779555485059615,0
FARM-1839,Rice,375.69,Flood,Sandy,Zaid,33.96,0.75,31,0.5313397337305055,0
FARM-1840,Cotton,589.64,Flood,Sandy,Rabi,75.73,0.71,-1,0.45099558308356347,0
FARM-1841,Rice,676.51,Rain-fed,Clay,Rabi,34.87,0.87,-1,0.5945071489474962,0
FARM-1842,Barley,687.14,Manual,Loamy,Zaid,36.71,0.85,26,0.526940215023822,0
FARM-1843,Maize,938.76,Manual,Loamy,Zaid,87.31,0.65,-1,0.5499075367831474,0
FARM-1844,Barley,1417.46,Sprinkler,Clay,Zaid,175.22,0.64,-1,0.4792579322084849,0
FARM-1845,Sugarcane,399.0,Flood,Sandy,Zaid,47.02,0.66,-1,0.5696754554354986,0
FARM-1846,Cotton,226.18,Rain-fed,Peaty,Rabi,22.53,0.75,-1,0.5969288023656013,0
FARM-1847,Maize,336.33,Drip,Sandy,Zaid,74.83,0.67,45,0.6597239471664947,1
FARM-1848,Soybean,1336.04,Sprinkler,Sandy,Kharif,32.87,0.77,-1,0.5093060843504043,0
FARM-1849,Soybean,986.43,Flood,Clay,Zaid,29.77,0.78,-1,0.27949693527613845,0
FARM-1850,Cotton,464.56,Sprinkler,Loamy,Rabi,43.09,0.73,-1,0.5255191219793987,0
FARM-1851,Carrot,1233.12,Drip,Clay,Zaid,108.0,0.71,33,0.5227053910520404,0
FARM-1852,Barley,1298.99,Drip,Sandy,Kharif,158.01,0.67,27,0.4349225023501839,0
FARM-1853,Potato,1277.45,Manual,Peaty,Zaid,209.06,0.57,-1,0.3647776617604124,0
FARM-1854,Barley,1382.44,Drip,Sandy,Kharif,112.82,0.7,-1,0.4737743894003137,0
FARM-1855,Barley,415.75,Flood,Clay,Zaid,47.23,0.42,-1,0.4347353378918878,0
FARM-1856,Cotton,1144.81,Drip,Loamy,Zaid,103.2,0.85,-1,0.7197877815794255,1
FARM-1857,Sugarcane,717.78,Drip,Sandy,Rabi,58.41,0.62,-1,0.5771739875987283,0
FARM-1858,Soybean,1270.9,Drip,Loamy,Rabi,19.83,0.85,-1,0.3327867341502674,0
FARM-1859,Cotton,1106.31,Drip,Silty,Rabi,168.3,0.52,-1,0.5155663197634258,0
FARM-1860,Carrot,1175.85,Rain-fed,Silty,Kharif,67.4,0.66,-1,0.44061383087123707,0
FARM-1861,Sugarcane,1001.43,Drip,Sandy,Rabi,163.12,0.66,-1,0.6101860659290275,0
FARM-1862,Soybean,307.27,Manual,Loamy,Zaid,4.68,0.58,25,0.5077246781868299,0
FARM-1863,Sugarcane,840.29,Sprinkler,Clay,Zaid,124.05,0.87,-1,0.5665838734745035,0
FARM-1864,Sugarcane,1477.77,Flood,Clay,Zaid,288.0,0.58,-1,0.4823023982356438,0
FARM-1865,Soybean,1409.21,Sprinkler,Loamy,Kharif,39.85,0.6,47,0.45953491943987235,0
FARM-1866,Barley,112.6,Flood,Loamy,Zaid,12.49,0.64,-1,0.28869801694847363,0
FARM-1867,Barley,288.98,Rain-fed,Sandy,Zaid,19.06,0.78,1,1.0,1
FARM-1868,Potato,241.01,Drip,Sandy,Kharif,37.98,0.75,-1,0.4668459705273639,0
FARM-1869,Maize,1102.67,Flood,Clay,Rabi,216.03,0.57,-1,0.43157950986530325,0
FARM-1870,Tomato,1235.79,Manual,Loamy,Zaid,105.4,0.64,5,0.8772851195359087,1
FARM-1871,Barley,359.59,Manual,Clay,Zaid,23.84,0.86,-1,0.5986293859888454,0
FARM-1872,Rice,783.49,Manual,Clay,Zaid,70.7,0.75,21,0.5847237006430195,0
FARM-1873,Sugarcane,1269.02,Flood,Silty,Zaid,270.04,0.65,-1,0.6599603785302078,1
FARM-1874,Cotton,1112.56,Rain-fed,Clay,Zaid,142.62,0.67,-1,0.6671955967642973,1
FARM-1875,Barley,836.24,Flood,Loamy,Kharif,57.07,0.74,-1,0.437436823905448,0
FARM-1876,Carrot,906.0,Flood,Clay,Kharif,74.31,0.56,-1,0.608684602298873,0
FARM-1877,Rice,787.12,Drip,Silty,Kharif,73.63,0.65,-1,0.38545845759361674,0
FARM-1878,Cotton,481.45,Sprinkler,Sandy,Zaid,63.9,0.36,-1,0.4027468974156308,0
FARM-1879,Barley,869.28,Drip,Clay,Rabi,77.29,0.58,-1,0.3412379463131223,0
FARM-1880,Barley,1048.88,Flood,Sandy,Zaid,66.48,0.89,-1,0.5905389480924674,0
FARM-1881,Rice,1316.32,Rain-fed,Silty,Kharif,118.66,0.49,10,0.5451314762841207,0
FARM-1882,Cotton,972.62,Drip,Peaty,Rabi,116.93,0.15,-1,0.33211077780850035,0
FARM-1883,Cotton,1153.63,Drip,Clay,Zaid,241.56,0.41,38,0.4850171609158652,0
FARM-1884,Wheat,282.1,Drip,Silty,Zaid,27.65,0.46,-1,0.36120954527731264,0
FARM-1885,Barley,719.26,Manual,Peaty,Rabi,63.82,0.68,-1,0.4678286029398576,0
FARM-1886,Rice,63.53,Flood,Silty,Zaid,5.42,0.38,14,0.4269776446963369,0
FARM-1887,Barley,407.68,Flood,Sandy,Kharif,51.98,0.48,-1,0.33167044180829075,0
FARM-1888,Cotton,1103.37,Rain-fed,Sandy,Zaid,200.94,0.82,-1,0.7152851490620992,1
FARM-1889,Barley,1488.12,Rain-fed,Loamy,Kharif,127.39,0.78,-1,0.46264775361185895,0
FARM-1890,Carrot,193.81,Flood,Silty,Zaid,14.17,0.62,-1,0.40635524037071247,0
FARM-1891,Wheat,632.17,Sprinkler,Sandy,Zaid,68.67,0.43,-1,0.28305082595115527,0
FARM-1892,Wheat,1210.1,Rain-fed,Sandy,Kharif,120.09,0.74,47,0.5015309972847128,0
FARM-1893,Tomato,345.85,Sprinkler,Loamy,Zaid,28.73,0.84,-1,0.452743943750932,0
FARM-1894,Rice,854.87,Drip,Silty,Zaid,65.92,0.85,29,0.7654433433361828,1
FARM-1895,Barley,1112.95,Rain-fed,Silty,Zaid,74.71,0.66,-1,0.5815459677668053,0
FARM-1896,Tomato,943.18,Flood,Clay,Zaid,160.13,0.79,-1,0.6155458993278687,0
FARM-1897,Potato,322.64,Drip,Silty,Zaid,32.34,0.56,-1,0.679110272028983,1
FARM-1898,Cotton,565.31,Flood,Sandy,Zaid,114.94,0.59,23,0.6930286051383125,1
FARM-1899,Cotton,1186.5,Drip,Silty,Rabi,171.6,0.79,29,0.658802425635118,1
FARM-1900,Barley,853.63,Drip,Loamy,Zaid,86.93,0.8,-1,0.5372519667091672,0
FARM-1901,Cotton,57.58,Rain-fed,Loamy,Kharif,8.41,0.62,-1,0.6640786355479141,1
FARM-1902,Barley,1153.44,Drip,Silty,Zaid,65.34,0.46,-1,0.2759683824992032,0
FARM-1903,Soybean,101.2,Flood,Clay,Zaid,2.66,0.78,-1,0.25471822127334387,0
FARM-1904,Sugarcane,1131.31,Flood,Silty,Rabi,108.45,0.79,-1,0.6766079166629939,1
FARM-1905,Potato,343.6,Drip,Loamy,Zaid,46.3,0.79,25,0.5896227189528186,0
FARM-1906,Wheat,1439.21,Manual,Sandy,Rabi,136.28,0.33,-1,0.10600986325415238,0
FARM-1907,Tomato,583.51,Drip,Loamy,Zaid,89.49,0.92,7,0.7837066653089433,1
FARM-1908,Barley,524.05,Flood,Sandy,Kharif,33.98,0.79,-1,0.4648575650646456,0
FARM-1909,Tomato,265.89,Flood,Loamy,Kharif,21.2,0.76,-1,0.5488188754747902,0
FARM-1910,Soybean,493.13,Drip,Clay,Rabi,13.41,0.83,-1,0.3997969099383299,0
FARM-1911,Barley,1321.14,Drip,Clay,Kharif,169.62,0.83,2,1.0,1
FARM-1912,Rice,1494.68,Sprinkler,Clay,Kharif,144.74,0.85,25,0.5715451666375829,0
FARM-1913,Sugarcane,584.05,Manual,Peaty,Zaid,85.87,0.54,-1,0.5638125489536105,0
FARM-1914,Soybean,700.49,Drip,Peaty,Zaid,21.38,0.88,-1,0.24941079726255042,0
FARM-1915,Sugarcane,1097.0,Sprinkler,Loamy,Rabi,102.54,0.76,-1,0.6208864461684725,0
FARM-1916,Tomato,1334.98,Rain-fed,Silty,Zaid,237.83,0.64,-1,0.5294198943171766,0
FARM-1917,Maize,909.91,Rain-fed,Loamy,Zaid,191.04,0.65,-1,0.48247405190188114,0
FARM-1918,Carrot,617.71,Flood,Sandy,Kharif,29.11,0.84,9,0.6026008040363043,0
FARM-1919,Barley,648.3,Flood,Silty,Zaid,63.35,0.63,-1,0.48091686338368705,0
FARM-1920,Potato,1058.65,Flood,Peaty,Rabi,77.43,0.76,22,0.5937151996557655,0
FARM-1921,Sugarcane,54.67,Sprinkler,Loamy,Kharif,12.82,0.76,-1,0.6137458228490027,0
FARM-1922,Potato,948.4,Rain-fed,Silty,Kharif,76.8,0.64,-1,0.5500777518958979,0
FARM-1923,Wheat,565.46,Drip,Clay,Rabi,64.92,0.85,43,0.7982326717250362,1
FARM-1924,Sugarcane,1201.59,Flood,Peaty,Zaid,143.32,0.9,-1,0.6578214798921609,1
FARM-1925,Cotton,184.84,Manual,Clay,Zaid,31.51,0.66,32,0.7936470806150171,1
FARM-1926,Barley,902.89,Rain-fed,Sandy,Kharif,103.75,0.81,-1,0.30812263387044075,0
FARM-1927,Soybean,747.41,Manual,Sandy,Zaid,26.31,0.76,-1,0.3788362858681986,0
FARM-1928,Rice,981.37,Rain-fed,Sandy,Kharif,87.5,0.74,24,0.518591079290477,0
FARM-1929,Barley,144.04,Flood,Clay,Rabi,18.05,0.94,33,0.5733423368872779,0
FARM-1930,Cotton,890.98,Sprinkler,Peaty,Zaid,72.18,0.81,-1,0.6698067575556854,1
FARM-1931,Wheat,864.15,Sprinkler,Clay,Zaid,71.8,0.47,-1,0.366537933461478,0
FARM-1932,Maize,862.96,Drip,Sandy,Rabi,116.23,0.86,2,1.0,1
FARM-1933,Soybean,925.06,Flood,Clay,Zaid,41.3,0.65,21,0.2702539842658508,0
FARM-1934,Barley,1030.88,Sprinkler,Loamy,Kharif,82.52,0.72,-1,0.5402026958356444,0
FARM-1935,Barley,1217.23,Drip,Sandy,Zaid,135.03,0.64,18,0.39859299878127796,0
FARM-1936,Cotton,441.24,Rain-fed,Loamy,Rabi,73.18,0.57,-1,0.5828821181180779,0
FARM-1937,Potato,1246.32,Sprinkler,Clay,Kharif,106.5,0.65,-1,0.5124773487911156,0
FARM-1938,Cotton,772.47,Manual,Clay,Kharif,79.92,0.71,-1,0.5469715468174199,0
FARM-1939,Soybean,161.73,Drip,Loamy,Rabi,3.79,0.88,-1,0.40385258268017277,0
FARM-1940,Barley,134.9,Drip,Silty,Zaid,11.06,0.82,39,0.6194758020180084,0
FARM-1941,Soybean,534.65,Sprinkler,Silty,Zaid,11.78,0.46,-1,0.12625140263935591,0
FARM-1942,Rice,1188.1,Drip,Clay,Rabi,49.39,0.66,40,0.48676569476562626,0
FARM-1943,Wheat,1076.14,Sprinkler,Loamy,Zaid,148.44,0.73,-1,0.3780497205918734,0
FARM-1944,Barley,1193.49,Rain-fed,Clay,Rabi,157.43,0.5,4,0.8763644776002868,1
FARM-1945,Cotton,800.04,Drip,Clay,Rabi,94.26,0.62,18,0.7189634680935193,1
FARM-1946,Cotton,688.29,Flood,Sandy,Kharif,80.8,0.91,-1,0.6605945862812315,1
FARM-1947,Potato,263.81,Flood,Sandy,Kharif,16.05,0.9,-1,0.660860216393059,1
FARM-1948,Potato,525.88,Flood,Clay,Rabi,74.48,0.65,-1,0.4299985164906713,0
FARM-1949,Soybean,679.33,Manual,Clay,Rabi,27.01,0.7,26,0.4226708834568312,0
FARM-1950,Rice,178.47,Rain-fed,Clay,Zaid,9.23,0.69,20,0.5264881329732247,0
FARM-1951,Rice,369.89,Sprinkler,Silty,Zaid,19.52,0.68,-1,0.4016560612863009,0
FARM-1952,Barley,917.43,Sprinkler,Peaty,Zaid,106.52,0.63,24,0.4479358835548112,0
FARM-1953,Potato,1116.71,Flood,Clay,Kharif,149.59,0.67,-1,0.4648177450575057,0
FARM-1954,Sugarcane,1497.6,Manual,Clay,Zaid,130.56,0.65,-1,0.46872954049934995,0
FARM-1955,Tomato,1403.01,Sprinkler,Silty,Kharif,188.99,0.5,27,0.3562988195318276,0
FARM-1956,Soybean,981.72,Sprinkler,Peaty,Zaid,23.82,0.78,-1,0.30192833394592405,0
FARM-1957,Cotton,660.81,Rain-fed,Loamy,Kharif,80.37,0.52,17,0.6839292982114497,1
FARM-1958,Barley,972.46,Drip,Clay,Zaid,111.13,0.42,-1,0.371406599105568,0
FARM-1959,Carrot,1189.19,Rain-fed,Clay,Kharif,93.54,0.81,-1,0.3183396795752746,0
FARM-1960,Cotton,221.59,Drip,Sandy,Kharif,27.93,0.75,-1,0.5393988646619614,0
FARM-1961,Rice,644.36,Flood,Loamy,Zaid,74.6,0.46,-1,0.41324643413643286,0
FARM-1962,Barley,1267.71,Flood,Clay,Zaid,103.42,0.79,9,0.69115086302129,1
FARM-1963,Tomato,606.56,Manual,Sandy,Kharif,92.57,0.83,-1,0.43022338068710947,0
FARM-1964,Tomato,879.21,Rain-fed,Clay,Kharif,103.8,0.32,-1,0.5937628546414343,0
FARM-1965,Tomato,902.27,Sprinkler,Silty,Zaid,151.31,0.64,-1,0.479304116934705,0
FARM-1966,Carrot,317.49,Sprinkler,Loamy,Rabi,26.82,0.56,-1,0.22764211000009837,0
FARM-1967,Tomato,575.24,Sprinkler,Clay,Kharif,40.55,0.72,13,0.7165549240105908,1
FARM-1968,Soybean,535.04,Manual,Sandy,Rabi,23.06,0.79,-1,0.3674396667687265,0
FARM-1969,Sugarcane,87.99,Flood,Loamy,Zaid,18.66,0.73,-1,0.4578521895085633,0
FARM-1970,Rice,85.08,Flood,Peaty,Kharif,8.79,0.57,35,0.4640035527469832,0
FARM-1971,Potato,1255.96,Drip,Sandy,Rabi,105.64,0.83,-1,0.6703735511395648,1
FARM-1972,Carrot,445.95,Rain-fed,Clay,Kharif,34.92,0.75,18,0.5230247687246599,0
FARM-1973,Barley,801.21,Sprinkler,Sandy,Kharif,97.36,0.57,-1,0.20198014527833005,0
FARM-1974,Cotton,483.15,Flood,Clay,Zaid,53.38,0.83,-1,0.6461921610589304,0
FARM-1975,Barley,1413.98,Drip,Silty,Zaid,184.81,0.83,31,0.6472900045248153,0
FARM-1976,Soybean,425.98,Rain-fed,Loamy,Zaid,7.03,0.33,3,0.7333587923172089,1
FARM-1977,Cotton,673.0,Drip,Sandy,Zaid,61.23,0.85,-1,0.5620938398660775,0
FARM-1978,Sugarcane,1315.46,Sprinkler,Clay,Zaid,218.38,0.68,-1,0.8177856300257649,1
FARM-1979,Soybean,1270.8,Manual,Loamy,Zaid,41.01,0.27,-1,0.10217857011578974,0
FARM-1980,Tomato,319.85,Flood,Silty,Rabi,43.95,0.61,-1,0.3718119033665748,0
FARM-1981,Carrot,1213.83,Drip,Silty,Zaid,37.65,0.75,14,0.5825114084026012,0
FARM-1982,Cotton,714.37,Sprinkler,Clay,Kharif,146.05,0.79,-1,0.65348423257704,1
FARM-1983,Cotton,750.3,Rain-fed,Clay,Rabi,57.2,0.85,-1,0.6732433728710316,1
FARM-1984,Carrot,243.55,Flood,Silty,Kharif,9.4,0.59,32,0.1819204972967032,0
FARM-1985,Sugarcane,166.87,Manual,Peaty,Zaid,13.72,0.89,-1,0.609926849411103,0
FARM-1986,Rice,1105.51,Drip,Clay,Kharif,94.35,0.88,-1,0.6272888045128739,0
FARM-1987,Sugarcane,769.87,Flood,Loamy,Kharif,176.43,0.77,28,0.7434275672238259,1
FARM-1988,Barley,683.43,Sprinkler,Loamy,Kharif,71.72,0.84,16,0.5335973294375927,0
FARM-1989,Wheat,1107.79,Rain-fed,Silty,Kharif,146.52,0.39,-1,0.48024093078962055,0
FARM-1990,Wheat,1159.99,Drip,Clay,Rabi,59.54,0.82,-1,0.6244897719106178,0
FARM-1991,Rice,280.42,Rain-fed,Clay,Kharif,23.38,0.71,-1,0.41433983919771283,0
FARM-1992,Barley,934.83,Flood,Silty,Zaid,80.73,0.66,-1,0.5319467186811138,0
FARM-1993,Soybean,246.26,Flood,Clay,Kharif,7.38,0.71,-1,0.543975583195802,0
FARM-1994,Tomato,1139.49,Drip,Loamy,Zaid,78.24,0.34,22,0.3749098065624149,0
FARM-1995,Cotton,1002.58,Rain-fed,Loamy,Rabi,166.25,0.62,40,0.6420812035861466,0
FARM-1996,Potato,1437.09,Drip,Loamy,Zaid,173.01,0.89,17,0.9279278109421342,1
FARM-1997,Cotton,149.99,Flood,Loamy,Zaid,26.57,0.34,-1,0.4813029553295529,0
FARM-1998,Maize,132.73,Drip,Sandy,Rabi,23.54,0.83,14,0.7765617140635698,1
FARM-1999,Sugarcane,459.17,Rain-fed,Clay,Kharif,47.71,0.84,-1,0.6798913240441389,1
